sample,MID,norank_Root,unclassified_Root,domain_Bacteria,unclassified_Bacteria,phylum_OD1,genus_OD1_genera_incertae_sedis,phylum_Fusobacteria,class_Fusobacteria,order_Fusobacteriales,unclassified_Fusobacteriales,family_Leptotrichiaceae,unclassified_Leptotrichiaceae,genus_Streptobacillus,genus_Leptotrichia,genus_Sneathia,family_Fusobacteriaceae,unclassified_Fusobacteriaceae,genus_Cetobacterium,genus_Fusobacterium,genus_Propionigenium,phylum_Actinobacteria,class_Actinobacteria,unclassified_Actinobacteria,subclass_Acidimicrobidae,unclassified_Acidimicrobidae,order_Acidimicrobiales,suborder_Acidimicrobineae,unclassified_Acidimicrobineae,family_Iamiaceae,genus_Iamia,family_Acidimicrobidae_incertae_sedis,genus_Ilumatobacter,subclass_Rubrobacteridae,order_Rubrobacterales,suborder_Rubrobacterineae,family_Rubrobacteraceae,genus_Rubrobacter,order_Solirubrobacterales,unclassified_Solirubrobacterales,subclass_Actinobacteridae,unclassified_Actinobacteridae,order_Actinomycetales,unclassified_Actinomycetales,suborder_Pseudonocardineae,unclassified_Pseudonocardineae,family_Pseudonocardiaceae,unclassified_Pseudonocardiaceae,genus_Actinomycetospora,genus_Pseudonocardia,genus_Saccharopolyspora,suborder_Micrococcineae,unclassified_Micrococcineae,family_Intrasporangiaceae,unclassified_Intrasporangiaceae,genus_Janibacter,genus_Ornithinimicrobium,family_Micrococcaceae,unclassified_Micrococcaceae,genus_Kocuria,genus_Micrococcus,genus_Citricoccus,genus_Arthrobacter,genus_Rothia,family_Promicromonosporaceae,unclassified_Promicromonosporaceae,genus_Promicromonospora,genus_Myceligenerans,family_Bogoriellaceae,unclassified_Bogoriellaceae,genus_Georgenia,family_Dermabacteraceae,unclassified_Dermabacteraceae,genus_Brachybacterium,family_Cellulomonadaceae,unclassified_Cellulomonadaceae,genus_Cellulomonas,family_Microbacteriaceae,unclassified_Microbacteriaceae,genus_Agrococcus,genus_Microbacterium,genus_Frigoribacterium,genus_Rathayibacter,genus_Cryobacterium,genus_Agreia,genus_Microcella,genus_Leucobacter,genus_Curtobacterium,genus_Leifsonia,family_Brevibacteriaceae,genus_Brevibacterium,family_Dermacoccaceae,genus_Dermacoccus,family_Sanguibacteraceae,genus_Sanguibacter,suborder_Frankineae,unclassified_Frankineae,family_Geodermatophilaceae,genus_Blastococcus,genus_Modestobacter,family_Nakamurellaceae,unclassified_Nakamurellaceae,genus_Humicoccus,suborder_Streptomycineae,family_Streptomycetaceae,unclassified_Streptomycetaceae,genus_Streptomyces,suborder_Streptosporangineae,family_Nocardiopsaceae,genus_Nocardiopsis,suborder_Actinomycineae,family_Actinomycetaceae,unclassified_Actinomycetaceae,genus_Actinomyces,suborder_Propionibacterineae,unclassified_Propionibacterineae,family_Nocardioidaceae,unclassified_Nocardioidaceae,genus_Nocardioides,genus_Marmoricola,family_Propionibacteriaceae,unclassified_Propionibacteriaceae,genus_Friedmanniella,genus_Tessaracoccus,genus_Microlunatus,genus_Propionibacterium,suborder_Corynebacterineae,unclassified_Corynebacterineae,family_Nocardiaceae,unclassified_Nocardiaceae,genus_Rhodococcus,genus_Williamsia,genus_Gordonia,family_Mycobacteriaceae,genus_Mycobacterium,family_Dietziaceae,genus_Dietzia,family_Corynebacteriaceae,unclassified_Corynebacteriaceae,genus_Corynebacterium,suborder_Micromonosporineae,family_Micromonosporaceae,unclassified_Micromonosporaceae,genus_Actinoplanes,genus_Actinocatenispora,genus_Micromonospora,suborder_Kineosporiineae,family_Kineosporiaceae,genus_Quadrisphaera,genus_Kineococcus,subclass_Coriobacteridae,order_Coriobacteriales,suborder_Coriobacterineae,family_Coriobacteriaceae,unclassified_Coriobacteriaceae,genus_Atopobium,genus_Olsenella,genus_Cryptobacterium,genus_Eggerthella,phylum_Firmicutes,unclassified_Firmicutes,class_Bacilli,unclassified_Bacilli,order_Lactobacillales,unclassified_Lactobacillales,family_Leuconostocaceae,genus_Leuconostoc,genus_Weissella,family_Streptococcaceae,genus_Streptococcus,genus_Lactococcus,family_Aerococcaceae,unclassified_Aerococcaceae,genus_Facklamia,genus_Abiotrophia,genus_Globicatella,genus_Eremococcus,family_Carnobacteriaceae,unclassified_Carnobacteriaceae,genus_Atopostipes,genus_Carnobacterium,genus_Trichococcus,genus_Granulicatella,genus_Desemzia,family_Enterococcaceae,unclassified_Enterococcaceae,genus_Enterococcus,genus_Vagococcus,genus_Catellicoccus,family_Lactobacillaceae,unclassified_Lactobacillaceae,genus_Lactobacillus,order_Bacillales,unclassified_Bacillales,family_Staphylococcaceae,unclassified_Staphylococcaceae,genus_Salinicoccus,genus_Staphylococcus,genus_Gemella,family_Paenibacillaceae,genus_Brevibacillus,genus_Thermicanus,genus_Paenibacillus,genus_Saccharibacillus,family_Bacillaceae,unclassified_Bacillaceae,genus_Oceanobacillus,genus_Geobacillus,genus_Exiguobacterium,genus_Bacillus,genus_Ureibacillus,genus_Anoxybacillus,family_Planococcaceae,genus_Kurthia,genus_Planomicrobium,class_Erysipelotrichi,order_Erysipelotrichales,family_Erysipelotrichaceae,unclassified_Erysipelotrichaceae,genus_Turicibacter,genus_Erysipelothrix,genus_Catenibacterium,class_Clostridia,unclassified_Clostridia,order_Clostridiales,unclassified_Clostridiales,family_Incertae_Sedis_XIV,genus_Proteiniborus,genus_Blautia,family_Incertae_Sedis_XIII,unclassified_Incertae_Sedis_XIII,genus_Anaerovorax,family_Incertae_Sedis_XII,unclassified_Incertae_Sedis_XII,genus_Fusibacter,family_Incertae_Sedis_XI,genus_Parvimonas,genus_Finegoldia,genus_Peptoniphilus,genus_Anaerococcus,family_Peptococcaceae,subfamily_Peptococcaceae_1,unclassified_Peptococcaceae_1,genus_Desulfosporosinus,family_Ruminococcaceae,unclassified_Ruminococcaceae,genus_Faecalibacterium,genus_Acetivibrio,genus_Ruminococcus,genus_Anaerotruncus,genus_Sporobacter,family_Lachnospiraceae,unclassified_Lachnospiraceae,genus_Catonella,genus_Robinsoniella,genus_Oribacterium,genus_Butyrivibrio,genus_Roseburia,genus_Moryella,family_Peptostreptococcaceae,unclassified_Peptostreptococcaceae,genus_Peptostreptococcus,genus_Sporacetigenium,family_Veillonellaceae,unclassified_Veillonellaceae,genus_Megamonas,genus_Dialister,genus_Sporotalea,genus_Sporomusa,genus_Veillonella,genus_Anaeroglobus,genus_Megasphaera,family_Eubacteriaceae,genus_Eubacterium,family_Clostridiaceae,unclassified_Clostridiaceae,subfamily_Clostridiaceae_4,unclassified_Clostridiaceae_4,subfamily_Clostridiaceae_1,unclassified_Clostridiaceae_1,genus_Clostridium,family_Gracilibacteraceae,genus_Lutispora,phylum_TM7,genus_TM7_genera_incertae_sedis,phylum_Spirochaetes,class_Spirochaetes,order_Spirochaetales,family_Spirochaetaceae,genus_Treponema,phylum_Bacteroidetes,unclassified_Bacteroidetes,class_Bacteroidia,order_Bacteroidales,unclassified_Bacteroidales,family_Prevotellaceae,unclassified_Prevotellaceae,genus_Prevotella,genus_Xylanibacter,family_Bacteroidaceae,genus_Bacteroides,family_Porphyromonadaceae,unclassified_Porphyromonadaceae,genus_Proteiniphilum,genus_Paludibacter,genus_Tannerella,genus_Dysgonomonas,genus_Parabacteroides,genus_Porphyromonas,genus_Petrimonas,class_Sphingobacteria,order_Sphingobacteriales,unclassified_Sphingobacteriales,family_Saprospiraceae,unclassified_Saprospiraceae,genus_Haliscomenobacter,family_Chitinophagaceae,unclassified_Chitinophagaceae,genus_Sediminibacterium,genus_Lacibacter,genus_Filimonas,genus_Flavisolibacter,genus_Ferruginibacter,genus_Chitinophaga,genus_Niastella,genus_Terrimonas,family_Cytophagaceae,unclassified_Cytophagaceae,genus_Arcicella,genus_Flectobacillus,genus_Dyadobacter,genus_Adhaeribacter,genus_Spirosoma,genus_Runella,genus_Leadbetterella,genus_Hymenobacter,genus_Cytophaga,genus_Pontibacter,genus_Emticicia,genus_Rudanella,family_Sphingobacteriaceae,unclassified_Sphingobacteriaceae,genus_Olivibacter,genus_Pedobacter,genus_Parapedobacter,genus_Mucilaginibacter,genus_Nubsella,genus_Sphingobacterium,class_Flavobacteria,order_Flavobacteriales,unclassified_Flavobacteriales,family_Cryomorphaceae,unclassified_Cryomorphaceae,genus_Fluviicola,family_Flavobacteriaceae,unclassified_Flavobacteriaceae,genus_Salinimicrobium,genus_Gillisia,genus_Planobacterium,genus_Flavobacterium,genus_Cloacibacterium,genus_Chryseobacterium,genus_Dokdonia,genus_Empedobacter,genus_Elizabethkingia,genus_Capnocytophaga,phylum_Proteobacteria,unclassified_Proteobacteria,class_Epsilonproteobacteria,unclassified_Epsilonproteobacteria,order_Campylobacterales,family_Campylobacteraceae,genus_Campylobacter,genus_Arcobacter,class_Deltaproteobacteria,unclassified_Deltaproteobacteria,order_Syntrophobacterales,unclassified_Syntrophobacterales,family_Syntrophaceae,unclassified_Syntrophaceae,genus_Desulfomonile,order_Desulfovibrionales,family_Desulfovibrionaceae,unclassified_Desulfovibrionaceae,order_Bdellovibrionales,unclassified_Bdellovibrionales,family_Bdellovibrionaceae,genus_Bdellovibrio,family_Bacteriovoracaceae,unclassified_Bacteriovoracaceae,genus_Bacteriovorax,order_Desulfuromonadales,unclassified_Desulfuromonadales,family_Geobacteraceae,genus_Geobacter,order_Desulfobacterales,family_Desulfobulbaceae,genus_Desulfobulbus,order_Myxococcales,unclassified_Myxococcales,suborder_Cystobacterineae,unclassified_Cystobacterineae,family_Cystobacteraceae,unclassified_Cystobacteraceae,genus_Cystobacter,genus_Anaeromyxobacter,suborder_Sorangiineae,unclassified_Sorangiineae,family_Polyangiaceae,unclassified_Polyangiaceae,genus_Sorangium,suborder_Nannocystineae,unclassified_Nannocystineae,class_Betaproteobacteria,unclassified_Betaproteobacteria,order_Nitrosomonadales,family_Nitrosomonadaceae,genus_Nitrosospira,order_Burkholderiales,unclassified_Burkholderiales,family_Burkholderiales_incertae_sedis,unclassified_Burkholderiales_incertae_sedis,genus_Methylibium,genus_Leptothrix,genus_Paucibacter,genus_Tepidimonas,genus_Aquabacterium,genus_Aquincola,genus_Ideonella,family_Burkholderiaceae,unclassified_Burkholderiaceae,genus_Cupriavidus,genus_Wautersia,genus_Ralstonia,genus_Polynucleobacter,genus_Burkholderia,family_Alcaligenaceae,unclassified_Alcaligenaceae,genus_Achromobacter,genus_Bordetella,genus_Azohydromonas,genus_Alcaligenes,family_Oxalobacteraceae,unclassified_Oxalobacteraceae,genus_Duganella,genus_Herminiimonas,genus_Massilia,genus_Janthinobacterium,genus_Naxibacter,genus_Oxalobacter,genus_Herbaspirillum,genus_Undibacterium,genus_Collimonas,family_Comamonadaceae,unclassified_Comamonadaceae,genus_Simplicispira,genus_Ramlibacter,genus_Brachymonas,genus_Comamonas,genus_Delftia,genus_Pseudorhodoferax,genus_Roseateles,genus_Schlegelella,genus_Curvibacter,genus_Giesbergeria,genus_Caldimonas,genus_Diaphorobacter,genus_Ottowia,genus_Acidovorax,genus_Malikia,genus_Rhodoferax,genus_Hydrogenophaga,genus_Variovorax,genus_Polaromonas,genus_Pelomonas,order_Hydrogenophilales,family_Hydrogenophilaceae,genus_Hydrogenophilus,genus_Petrobacter,order_Methylophilales,family_Methylophilaceae,unclassified_Methylophilaceae,genus_Methylotenera,genus_Methylobacillus,genus_Methylophilus,order_Neisseriales,family_Neisseriaceae,unclassified_Neisseriaceae,genus_Chitinibacter,genus_Neisseria,genus_Deefgea,genus_Kingella,order_Rhodocyclales,family_Rhodocyclaceae,unclassified_Rhodocyclaceae,genus_Methyloversatilis,genus_Dechloromonas,genus_Shinella,genus_Thauera,genus_Propionivibrio,genus_Zoogloea,genus_Azonexus,genus_Azospira,class_Alphaproteobacteria,unclassified_Alphaproteobacteria,family_Alphaproteobacteria_incertae_sedis,genus_Geminicoccus,order_Rhizobiales,unclassified_Rhizobiales,family_Bradyrhizobiaceae,unclassified_Bradyrhizobiaceae,genus_Balneimonas,genus_Rhodopseudomonas,genus_Bradyrhizobium,genus_Bosea,family_Rhizobiaceae,unclassified_Rhizobiaceae,genus_Rhizobium,family_Methylocystaceae,genus_Methylocystis,genus_Pleomorphomonas,family_Beijerinckiaceae,unclassified_Beijerinckiaceae,family_Phyllobacteriaceae,unclassified_Phyllobacteriaceae,genus_Mesorhizobium,genus_Pseudaminobacter,genus_Defluvibacter,genus_Aminobacter,genus_Hoeflea,family_Rhodobiaceae,genus_Parvibaculum,family_Brucellaceae,unclassified_Brucellaceae,genus_Pseudochrobactrum,genus_Ochrobactrum,family_Aurantimonadaceae,unclassified_Aurantimonadaceae,family_Hyphomicrobiaceae,unclassified_Hyphomicrobiaceae,genus_Devosia,genus_Hyphomicrobium,family_Methylobacteriaceae,genus_Microvirga,genus_Methylobacterium,order_Caulobacterales,family_Hyphomonadaceae,genus_Hyphomonas,family_Caulobacteraceae,unclassified_Caulobacteraceae,genus_Caulobacter,genus_Asticcacaulis,genus_Brevundimonas,genus_Phenylobacterium,order_Rickettsiales,family_Rickettsiaceae,unclassified_Rickettsiaceae,genus_Rickettsia,order_Rhodospirillales,unclassified_Rhodospirillales,family_Rhodospirillaceae,unclassified_Rhodospirillaceae,genus_Azospirillum,genus_Magnetospirillum,genus_Skermanella,family_Acetobacteraceae,unclassified_Acetobacteraceae,genus_Rhodopila,genus_Paracraurococcus,genus_Roseomonas,genus_Acidisphaera,order_Sphingomonadales,unclassified_Sphingomonadales,family_Sphingomonadaceae,unclassified_Sphingomonadaceae,genus_Blastomonas,genus_Sphingomonas,genus_Sphingopyxis,genus_Novosphingobium,genus_Sphingobium,family_Erythrobacteraceae,unclassified_Erythrobacteraceae,genus_Porphyrobacter,order_Rhodobacterales,family_Rhodobacteraceae,unclassified_Rhodobacteraceae,genus_Rhodobacter,genus_Haematobacter,genus_Paracoccus,genus_Amaricoccus,genus_Rubellimicrobium,genus_Pseudorhodobacter,class_Gammaproteobacteria,unclassified_Gammaproteobacteria,family_Gammaproteobacteria_incertae_sedis,genus_Solimonas,order_Pseudomonadales,unclassified_Pseudomonadales,family_Moraxellaceae,unclassified_Moraxellaceae,genus_Acinetobacter,genus_Enhydrobacter,genus_Moraxella,genus_Psychrobacter,genus_Alkanindiges,family_Pseudomonadaceae,unclassified_Pseudomonadaceae,genus_Cellvibrio,genus_Pseudomonas,genus_Azomonas,order_Chromatiales,unclassified_Chromatiales,family_Chromatiaceae,genus_Rheinheimera,family_Halothiobacillaceae,genus_Thiovirga,order_Oceanospirillales,unclassified_Oceanospirillales,family_Alcanivoracaceae,genus_Alcanivorax,family_Oceanospirillaceae,genus_Marinospirillum,family_Halomonadaceae,unclassified_Halomonadaceae,genus_Halomonas,order_Legionellales,family_Legionellaceae,unclassified_Legionellaceae,genus_Legionella,family_Coxiellaceae,genus_Aquicella,order_Enterobacteriales,family_Enterobacteriaceae,unclassified_Enterobacteriaceae,genus_Escherichia/Shigella,genus_Pantoea,genus_Sodalis,genus_Brenneria,genus_Erwinia,genus_Budvicia,genus_Yersinia,genus_Raoultella,genus_Serratia,genus_Citrobacter,genus_Salmonella,order_Pasteurellales,family_Pasteurellaceae,unclassified_Pasteurellaceae,genus_Aggregatibacter,genus_Haemophilus,order_Xanthomonadales,unclassified_Xanthomonadales,family_Sinobacteraceae,unclassified_Sinobacteraceae,genus_Steroidobacter,genus_Nevskia,family_Xanthomonadaceae,unclassified_Xanthomonadaceae,genus_Luteimonas,genus_Aspromonas,genus_Dokdonella,genus_Lysobacter,genus_Xanthomonas,genus_Thermomonas,genus_Stenotrophomonas,genus_Pseudoxanthomonas,order_Vibrionales,family_Vibrionaceae,unclassified_Vibrionaceae,genus_Aliivibrio,genus_Photobacterium,order_Aeromonadales,family_Aeromonadaceae,genus_Aeromonas,family_Succinivibrionaceae,genus_Anaerobiospirillum,order_Alteromonadales,family_Psychromonadaceae,genus_Psychromonas,family_Alteromonadaceae,unclassified_Alteromonadaceae,genus_Haliea,family_Shewanellaceae,genus_Shewanella,family_Pseudoalteromonadaceae,genus_Pseudoalteromonas,order_Thiotrichales,unclassified_Thiotrichales,family_Thiotrichaceae,unclassified_Thiotrichaceae,genus_Thiothrix,phylum_Nitrospira,class_Nitrospira,order_Nitrospirales,family_Nitrospiraceae,genus_Nitrospira,phylum_Gemmatimonadetes,class_Gemmatimonadetes,order_Gemmatimonadales,family_Gemmatimonadaceae,genus_Gemmatimonas,phylum_Acidobacteria,unclassified_Acidobacteria,class_Acidobacteria_Gp4,genus_Gp4,class_Acidobacteria_Gp3,genus_Gp3,class_Acidobacteria_Gp1,genus_Gp1,class_Acidobacteria_Gp6,genus_Gp6,class_Holophagae,order_Holophagales,family_Holophagaceae,unclassified_Holophagaceae,genus_Geothrix,class_Acidobacteria_Gp15,genus_Gp15,class_Acidobacteria_Gp16,genus_Gp16,phylum_Deinococcus-Thermus,class_Deinococci,order_Deinococcales,family_Deinococcaceae,genus_Deinococcus,family_Trueperaceae,genus_Truepera,order_Thermales,family_Thermaceae,genus_Meiothermus,genus_Thermus,phylum_Verrucomicrobia,unclassified_Verrucomicrobia,class_Spartobacteria,genus_Spartobacteria_genera_incertae_sedis,class_Opitutae,unclassified_Opitutae,order_Opitutales,family_Opitutaceae,genus_Opitutus,class_Verrucomicrobiae,order_Verrucomicrobiales,family_Verrucomicrobiaceae,unclassified_Verrucomicrobiaceae,genus_Luteolibacter,genus_Prosthecobacter,genus_Haloferula,class_Subdivision3,genus_Subdivision3_genera_incertae_sedis,phylum_Planctomycetes,class_Planctomycetacia,order_Planctomycetales,family_Planctomycetaceae,unclassified_Planctomycetaceae,genus_Singulisphaera,phylum_Cyanobacteria,unclassified_Cyanobacteria,class_Cyanobacteria,family_Family_VIII,genus_GpVIII,family_Family_I,genus_GpI,family_Chloroplast,unclassified_Chloroplast,genus_Cryptomonadaceae,genus_Chlorophyta,genus_Bacillariophyta,genus_Streptophyta,phylum_Tenericutes,class_Mollicutes,order_Anaeroplasmatales,family_Anaeroplasmataceae,genus_Asteroleplasma,phylum_OP11,genus_OP11_genera_incertae_sedis,phylum_OP10,genus_OP10_genera_incertae_sedis,phylum_Lentisphaerae,class_Lentisphaeria,order_Victivallales,family_Victivallaceae,genus_Victivallis,phylum_Chloroflexi,unclassified_Chloroflexi,class_Anaerolineae,order_Anaerolineales,family_Anaerolineaceae,unclassified_Anaerolineaceae,class_Thermomicrobia,unclassified_Thermomicrobia,class_Caldilineae,order_Caldilineales,family_Caldilineaceae,genus_Caldilinea,class_Chloroflexi,phylum_Bacteria_incertae_sedis,class_Ktedonobacteria,order_Ktedonobacterales,family_Ktedonobacteraceae,genus_Ktedonobacter,phylum_SR1,genus_SR1_genera_incertae_sedis
7504_MIDDLE,MID-3,1,0,1,0,0,0,1,1,1,0,0,0,0,0,0,1,0,0,1,0,0,0,0,0,0,0,0,0,0,0,0,0,0,0,0,0,0,0,0,0,0,0,0,0,0,0,0,0,0,0,0,0,0,0,0,0,0,0,0,0,0,0,0,0,0,0,0,0,0,0,0,0,0,0,0,0,0,0,0,0,0,0,0,0,0,0,0,0,0,0,0,0,0,0,0,0,0,0,0,0,0,0,0,0,0,0,0,0,0,0,0,0,0,0,0,0,0,0,0,0,0,0,0,0,0,0,0,0,0,0,0,0,0,0,0,0,0,0,0,0,0,0,0,0,0,0,0,0,0,0,0,0,0,0,0,0,0,0,0,0,0,0,0,0,0,0,0,0,0,0,0,0,0,0,0,0,0,0,0,0,0,0,0,0,0,0,0,0,0,0,0,0,0,0,0,0,0,0,0,0,0,0,0,0,0,0,0,0,0,0,0,0,0,0,0,0,0,0,0,0,0,0,0,0,0,0,0,0,0,0,0,0,0,0,0,0,0,0,0,0,0,0,0,0,0,0,0,0,0,0,0,0,0,0,0,0,0,0,0,0,0,0,0,0,0,0,0,0,0,0,0,0,0,0,0,0,0,0,0,0,0,0,0,0,0,0,0,0,0,0,0,0,0,0,0,0,0,0,0,0,0,0,0,0,0,0,0,0,0,0,0,0,0,0,0,0,0,0,0,0,0,0,0,0,0,0,0,0,0,0,0,0,0,0,0,0,0,0,0,0,0,0,0,0,0,0,0,0,0,0,0,0,0,0,0,0,0,0,0,0,0,0,0,0,0,0,0,0,0,0,0,0,0,0,0,0,0,0,0,0,0,0,0,0,0,0,0,0,0,0,0,0,0,0,0,0,0,0,0,0,0,0,0,0,0,0,0,0,0,0,0,0,0,0,0,0,0,0,0,0,0,0,0,0,0,0,0,0,0,0,0,0,0,0,0,0,0,0,0,0,0,0,0,0,0,0,0,0,0,0,0,0,0,0,0,0,0,0,0,0,0,0,0,0,0,0,0,0,0,0,0,0,0,0,0,0,0,0,0,0,0,0,0,0,0,0,0,0,0,0,0,0,0,0,0,0,0,0,0,0,0,0,0,0,0,0,0,0,0,0,0,0,0,0,0,0,0,0,0,0,0,0,0,0,0,0,0,0,0,0,0,0,0,0,0,0,0,0,0,0,0,0,0,0,0,0,0,0,0,0,0,0,0,0,0,0,0,0,0,0,0,0,0,0,0,0,0,0,0,0,0,0,0,0,0,0,0,0,0,0,0,0,0,0,0,0,0,0,0,0,0,0,0,0,0,0,0,0,0,0,0,0,0,0,0,0,0,0,0,0,0,0,0,0,0,0,0,0,0,0,0,0,0,0,0,0,0,0,0,0,0,0,0,0,0,0,0,0,0,0,0,0,0,0,0,0,0,0,0,0,0,0,0,0,0,0,0,0,0,0,0,0,0,0,0,0,0,0,0,0,0,0,0,0,0,0,0,0,0,0,0,0,0,0,0,0,0,0,0,0,0,0,0,0,0,0,0,0,0,0,0,0,0,0,0,0,0,0,0,0,0,0,0,0,0,0,0,0,0,0,0,0,0,0,0,0,0,0,0,0,0,0,0,0,0,0,0,0,0,0,0,0,0,0,0,0,0,0,0,0,0,0,0,0,0,0,0,0,0,0,0,0,0,0,0,0,0,0,0,0,0,0,0,0,0,0,0,0,0,0,0,0,0,0,0,0,0,0,0,0,0,0,0,0,0,0,0,0,0,0,0
7504_LOWER,MID-2,3,1,2,2,0,0,0,0,0,0,0,0,0,0,0,0,0,0,0,0,0,0,0,0,0,0,0,0,0,0,0,0,0,0,0,0,0,0,0,0,0,0,0,0,0,0,0,0,0,0,0,0,0,0,0,0,0,0,0,0,0,0,0,0,0,0,0,0,0,0,0,0,0,0,0,0,0,0,0,0,0,0,0,0,0,0,0,0,0,0,0,0,0,0,0,0,0,0,0,0,0,0,0,0,0,0,0,0,0,0,0,0,0,0,0,0,0,0,0,0,0,0,0,0,0,0,0,0,0,0,0,0,0,0,0,0,0,0,0,0,0,0,0,0,0,0,0,0,0,0,0,0,0,0,0,0,0,0,0,0,0,0,0,0,0,0,0,0,0,0,0,0,0,0,0,0,0,0,0,0,0,0,0,0,0,0,0,0,0,0,0,0,0,0,0,0,0,0,0,0,0,0,0,0,0,0,0,0,0,0,0,0,0,0,0,0,0,0,0,0,0,0,0,0,0,0,0,0,0,0,0,0,0,0,0,0,0,0,0,0,0,0,0,0,0,0,0,0,0,0,0,0,0,0,0,0,0,0,0,0,0,0,0,0,0,0,0,0,0,0,0,0,0,0,0,0,0,0,0,0,0,0,0,0,0,0,0,0,0,0,0,0,0,0,0,0,0,0,0,0,0,0,0,0,0,0,0,0,0,0,0,0,0,0,0,0,0,0,0,0,0,0,0,0,0,0,0,0,0,0,0,0,0,0,0,0,0,0,0,0,0,0,0,0,0,0,0,0,0,0,0,0,0,0,0,0,0,0,0,0,0,0,0,0,0,0,0,0,0,0,0,0,0,0,0,0,0,0,0,0,0,0,0,0,0,0,0,0,0,0,0,0,0,0,0,0,0,0,0,0,0,0,0,0,0,0,0,0,0,0,0,0,0,0,0,0,0,0,0,0,0,0,0,0,0,0,0,0,0,0,0,0,0,0,0,0,0,0,0,0,0,0,0,0,0,0,0,0,0,0,0,0,0,0,0,0,0,0,0,0,0,0,0,0,0,0,0,0,0,0,0,0,0,0,0,0,0,0,0,0,0,0,0,0,0,0,0,0,0,0,0,0,0,0,0,0,0,0,0,0,0,0,0,0,0,0,0,0,0,0,0,0,0,0,0,0,0,0,0,0,0,0,0,0,0,0,0,0,0,0,0,0,0,0,0,0,0,0,0,0,0,0,0,0,0,0,0,0,0,0,0,0,0,0,0,0,0,0,0,0,0,0,0,0,0,0,0,0,0,0,0,0,0,0,0,0,0,0,0,0,0,0,0,0,0,0,0,0,0,0,0,0,0,0,0,0,0,0,0,0,0,0,0,0,0,0,0,0,0,0,0,0,0,0,0,0,0,0,0,0,0,0,0,0,0,0,0,0,0,0,0,0,0,0,0,0,0,0,0,0,0,0,0,0,0,0,0,0,0,0,0,0,0,0,0,0,0,0,0,0,0,0,0,0,0,0,0,0,0,0,0,0,0,0,0,0,0,0,0,0,0,0,0,0,0,0,0,0,0,0,0,0,0,0,0,0,0,0,0,0,0,0,0,0,0,0,0,0,0,0,0,0,0,0,0,0,0,0,0,0,0,0,0,0,0,0,0,0,0,0,0,0,0,0,0,0,0,0,0,0,0,0,0,0,0,0,0,0,0,0,0,0,0,0,0,0,0,0,0,0,0,0,0,0,0,0,0,0,0,0,0,0,0,0,0,0,0,0,0,0,0,0,0,0,0,0,0,0,0,0,0,0,0,0,0,0,0,0,0,0,0
7518_CB,MID-5,3,0,3,3,0,0,0,0,0,0,0,0,0,0,0,0,0,0,0,0,0,0,0,0,0,0,0,0,0,0,0,0,0,0,0,0,0,0,0,0,0,0,0,0,0,0,0,0,0,0,0,0,0,0,0,0,0,0,0,0,0,0,0,0,0,0,0,0,0,0,0,0,0,0,0,0,0,0,0,0,0,0,0,0,0,0,0,0,0,0,0,0,0,0,0,0,0,0,0,0,0,0,0,0,0,0,0,0,0,0,0,0,0,0,0,0,0,0,0,0,0,0,0,0,0,0,0,0,0,0,0,0,0,0,0,0,0,0,0,0,0,0,0,0,0,0,0,0,0,0,0,0,0,0,0,0,0,0,0,0,0,0,0,0,0,0,0,0,0,0,0,0,0,0,0,0,0,0,0,0,0,0,0,0,0,0,0,0,0,0,0,0,0,0,0,0,0,0,0,0,0,0,0,0,0,0,0,0,0,0,0,0,0,0,0,0,0,0,0,0,0,0,0,0,0,0,0,0,0,0,0,0,0,0,0,0,0,0,0,0,0,0,0,0,0,0,0,0,0,0,0,0,0,0,0,0,0,0,0,0,0,0,0,0,0,0,0,0,0,0,0,0,0,0,0,0,0,0,0,0,0,0,0,0,0,0,0,0,0,0,0,0,0,0,0,0,0,0,0,0,0,0,0,0,0,0,0,0,0,0,0,0,0,0,0,0,0,0,0,0,0,0,0,0,0,0,0,0,0,0,0,0,0,0,0,0,0,0,0,0,0,0,0,0,0,0,0,0,0,0,0,0,0,0,0,0,0,0,0,0,0,0,0,0,0,0,0,0,0,0,0,0,0,0,0,0,0,0,0,0,0,0,0,0,0,0,0,0,0,0,0,0,0,0,0,0,0,0,0,0,0,0,0,0,0,0,0,0,0,0,0,0,0,0,0,0,0,0,0,0,0,0,0,0,0,0,0,0,0,0,0,0,0,0,0,0,0,0,0,0,0,0,0,0,0,0,0,0,0,0,0,0,0,0,0,0,0,0,0,0,0,0,0,0,0,0,0,0,0,0,0,0,0,0,0,0,0,0,0,0,0,0,0,0,0,0,0,0,0,0,0,0,0,0,0,0,0,0,0,0,0,0,0,0,0,0,0,0,0,0,0,0,0,0,0,0,0,0,0,0,0,0,0,0,0,0,0,0,0,0,0,0,0,0,0,0,0,0,0,0,0,0,0,0,0,0,0,0,0,0,0,0,0,0,0,0,0,0,0,0,0,0,0,0,0,0,0,0,0,0,0,0,0,0,0,0,0,0,0,0,0,0,0,0,0,0,0,0,0,0,0,0,0,0,0,0,0,0,0,0,0,0,0,0,0,0,0,0,0,0,0,0,0,0,0,0,0,0,0,0,0,0,0,0,0,0,0,0,0,0,0,0,0,0,0,0,0,0,0,0,0,0,0,0,0,0,0,0,0,0,0,0,0,0,0,0,0,0,0,0,0,0,0,0,0,0,0,0,0,0,0,0,0,0,0,0,0,0,0,0,0,0,0,0,0,0,0,0,0,0,0,0,0,0,0,0,0,0,0,0,0,0,0,0,0,0,0,0,0,0,0,0,0,0,0,0,0,0,0,0,0,0,0,0,0,0,0,0,0,0,0,0,0,0,0,0,0,0,0,0,0,0,0,0,0,0,0,0,0,0,0,0,0,0,0,0,0,0,0,0,0,0,0,0,0,0,0,0,0,0,0,0,0,0,0,0,0,0,0,0,0,0,0,0,0,0,0,0,0,0,0,0,0,0,0,0,0,0,0,0,0
7518_UPPER,MID-7,1,0,1,1,0,0,0,0,0,0,0,0,0,0,0,0,0,0,0,0,0,0,0,0,0,0,0,0,0,0,0,0,0,0,0,0,0,0,0,0,0,0,0,0,0,0,0,0,0,0,0,0,0,0,0,0,0,0,0,0,0,0,0,0,0,0,0,0,0,0,0,0,0,0,0,0,0,0,0,0,0,0,0,0,0,0,0,0,0,0,0,0,0,0,0,0,0,0,0,0,0,0,0,0,0,0,0,0,0,0,0,0,0,0,0,0,0,0,0,0,0,0,0,0,0,0,0,0,0,0,0,0,0,0,0,0,0,0,0,0,0,0,0,0,0,0,0,0,0,0,0,0,0,0,0,0,0,0,0,0,0,0,0,0,0,0,0,0,0,0,0,0,0,0,0,0,0,0,0,0,0,0,0,0,0,0,0,0,0,0,0,0,0,0,0,0,0,0,0,0,0,0,0,0,0,0,0,0,0,0,0,0,0,0,0,0,0,0,0,0,0,0,0,0,0,0,0,0,0,0,0,0,0,0,0,0,0,0,0,0,0,0,0,0,0,0,0,0,0,0,0,0,0,0,0,0,0,0,0,0,0,0,0,0,0,0,0,0,0,0,0,0,0,0,0,0,0,0,0,0,0,0,0,0,0,0,0,0,0,0,0,0,0,0,0,0,0,0,0,0,0,0,0,0,0,0,0,0,0,0,0,0,0,0,0,0,0,0,0,0,0,0,0,0,0,0,0,0,0,0,0,0,0,0,0,0,0,0,0,0,0,0,0,0,0,0,0,0,0,0,0,0,0,0,0,0,0,0,0,0,0,0,0,0,0,0,0,0,0,0,0,0,0,0,0,0,0,0,0,0,0,0,0,0,0,0,0,0,0,0,0,0,0,0,0,0,0,0,0,0,0,0,0,0,0,0,0,0,0,0,0,0,0,0,0,0,0,0,0,0,0,0,0,0,0,0,0,0,0,0,0,0,0,0,0,0,0,0,0,0,0,0,0,0,0,0,0,0,0,0,0,0,0,0,0,0,0,0,0,0,0,0,0,0,0,0,0,0,0,0,0,0,0,0,0,0,0,0,0,0,0,0,0,0,0,0,0,0,0,0,0,0,0,0,0,0,0,0,0,0,0,0,0,0,0,0,0,0,0,0,0,0,0,0,0,0,0,0,0,0,0,0,0,0,0,0,0,0,0,0,0,0,0,0,0,0,0,0,0,0,0,0,0,0,0,0,0,0,0,0,0,0,0,0,0,0,0,0,0,0,0,0,0,0,0,0,0,0,0,0,0,0,0,0,0,0,0,0,0,0,0,0,0,0,0,0,0,0,0,0,0,0,0,0,0,0,0,0,0,0,0,0,0,0,0,0,0,0,0,0,0,0,0,0,0,0,0,0,0,0,0,0,0,0,0,0,0,0,0,0,0,0,0,0,0,0,0,0,0,0,0,0,0,0,0,0,0,0,0,0,0,0,0,0,0,0,0,0,0,0,0,0,0,0,0,0,0,0,0,0,0,0,0,0,0,0,0,0,0,0,0,0,0,0,0,0,0,0,0,0,0,0,0,0,0,0,0,0,0,0,0,0,0,0,0,0,0,0,0,0,0,0,0,0,0,0,0,0,0,0,0,0,0,0,0,0,0,0,0,0,0,0,0,0,0,0,0,0,0,0,0,0,0,0,0,0,0,0,0,0,0,0,0,0,0,0,0,0,0,0,0,0,0,0,0,0,0,0,0,0,0,0,0,0,0,0,0,0,0,0,0,0,0,0,0,0,0,0,0,0,0,0,0,0,0,0,0,0,0,0,0
7632_UPPER,MID-11,1,0,1,0,0,0,0,0,0,0,0,0,0,0,0,0,0,0,0,0,0,0,0,0,0,0,0,0,0,0,0,0,0,0,0,0,0,0,0,0,0,0,0,0,0,0,0,0,0,0,0,0,0,0,0,0,0,0,0,0,0,0,0,0,0,0,0,0,0,0,0,0,0,0,0,0,0,0,0,0,0,0,0,0,0,0,0,0,0,0,0,0,0,0,0,0,0,0,0,0,0,0,0,0,0,0,0,0,0,0,0,0,0,0,0,0,0,0,0,0,0,0,0,0,0,0,0,0,0,0,0,0,0,0,0,0,0,0,0,0,0,0,0,0,0,0,0,0,0,0,0,0,0,0,0,0,0,0,0,0,0,0,0,0,0,0,0,0,0,0,0,0,0,0,0,0,0,0,0,0,0,0,0,0,0,0,0,0,0,0,0,0,0,0,0,0,0,0,0,0,0,0,0,0,0,0,0,0,0,0,0,0,0,0,0,0,0,0,0,0,0,0,0,0,0,0,0,0,0,0,0,0,0,0,0,0,0,0,0,0,0,0,0,0,0,0,0,0,0,0,0,0,0,0,0,0,0,0,0,0,0,0,0,0,0,0,0,0,0,0,0,0,0,0,0,0,0,0,0,0,0,0,0,0,0,0,0,0,0,1,0,0,0,0,0,0,0,0,0,0,0,0,0,0,0,0,0,0,0,1,1,0,0,0,0,1,1,0,0,0,0,0,0,0,0,0,0,0,0,0,0,0,0,0,0,0,0,0,0,0,0,0,0,0,0,0,0,0,0,0,0,0,0,0,0,0,0,0,0,0,0,0,0,0,0,0,0,0,0,0,0,0,0,0,0,0,0,0,0,0,0,0,0,0,0,0,0,0,0,0,0,0,0,0,0,0,0,0,0,0,0,0,0,0,0,0,0,0,0,0,0,0,0,0,0,0,0,0,0,0,0,0,0,0,0,0,0,0,0,0,0,0,0,0,0,0,0,0,0,0,0,0,0,0,0,0,0,0,0,0,0,0,0,0,0,0,0,0,0,0,0,0,0,0,0,0,0,0,0,0,0,0,0,0,0,0,0,0,0,0,0,0,0,0,0,0,0,0,0,0,0,0,0,0,0,0,0,0,0,0,0,0,0,0,0,0,0,0,0,0,0,0,0,0,0,0,0,0,0,0,0,0,0,0,0,0,0,0,0,0,0,0,0,0,0,0,0,0,0,0,0,0,0,0,0,0,0,0,0,0,0,0,0,0,0,0,0,0,0,0,0,0,0,0,0,0,0,0,0,0,0,0,0,0,0,0,0,0,0,0,0,0,0,0,0,0,0,0,0,0,0,0,0,0,0,0,0,0,0,0,0,0,0,0,0,0,0,0,0,0,0,0,0,0,0,0,0,0,0,0,0,0,0,0,0,0,0,0,0,0,0,0,0,0,0,0,0,0,0,0,0,0,0,0,0,0,0,0,0,0,0,0,0,0,0,0,0,0,0,0,0,0,0,0,0,0,0,0,0,0,0,0,0,0,0,0,0,0,0,0,0,0,0,0,0,0,0,0,0,0,0,0,0,0,0,0,0,0,0,0,0,0,0,0,0,0,0,0,0,0,0,0,0,0,0,0,0,0,0,0,0,0,0,0,0,0,0,0,0,0,0,0,0,0,0,0,0,0,0,0,0,0,0,0,0,0,0,0,0,0,0,0,0,0,0,0,0,0,0,0,0,0,0,0,0,0,0,0,0,0,0,0,0,0,0,0,0,0,0,0,0,0,0,0,0,0,0,0,0,0,0,0,0,0,0,0,0,0,0,0,0
7824_LOWER,MID-16,2,0,2,0,0,0,0,0,0,0,0,0,0,0,0,0,0,0,0,0,0,0,0,0,0,0,0,0,0,0,0,0,0,0,0,0,0,0,0,0,0,0,0,0,0,0,0,0,0,0,0,0,0,0,0,0,0,0,0,0,0,0,0,0,0,0,0,0,0,0,0,0,0,0,0,0,0,0,0,0,0,0,0,0,0,0,0,0,0,0,0,0,0,0,0,0,0,0,0,0,0,0,0,0,0,0,0,0,0,0,0,0,0,0,0,0,0,0,0,0,0,0,0,0,0,0,0,0,0,0,0,0,0,0,0,0,0,0,0,0,0,0,0,0,0,0,0,0,0,0,0,0,0,0,0,0,0,0,2,0,2,0,0,0,0,0,0,0,0,0,0,0,0,0,0,0,0,0,0,0,0,0,0,0,0,0,0,0,0,0,0,2,0,2,0,0,2,0,0,0,0,0,0,0,0,0,0,0,0,0,0,0,0,0,0,0,0,0,0,0,0,0,0,0,0,0,0,0,0,0,0,0,0,0,0,0,0,0,0,0,0,0,0,0,0,0,0,0,0,0,0,0,0,0,0,0,0,0,0,0,0,0,0,0,0,0,0,0,0,0,0,0,0,0,0,0,0,0,0,0,0,0,0,0,0,0,0,0,0,0,0,0,0,0,0,0,0,0,0,0,0,0,0,0,0,0,0,0,0,0,0,0,0,0,0,0,0,0,0,0,0,0,0,0,0,0,0,0,0,0,0,0,0,0,0,0,0,0,0,0,0,0,0,0,0,0,0,0,0,0,0,0,0,0,0,0,0,0,0,0,0,0,0,0,0,0,0,0,0,0,0,0,0,0,0,0,0,0,0,0,0,0,0,0,0,0,0,0,0,0,0,0,0,0,0,0,0,0,0,0,0,0,0,0,0,0,0,0,0,0,0,0,0,0,0,0,0,0,0,0,0,0,0,0,0,0,0,0,0,0,0,0,0,0,0,0,0,0,0,0,0,0,0,0,0,0,0,0,0,0,0,0,0,0,0,0,0,0,0,0,0,0,0,0,0,0,0,0,0,0,0,0,0,0,0,0,0,0,0,0,0,0,0,0,0,0,0,0,0,0,0,0,0,0,0,0,0,0,0,0,0,0,0,0,0,0,0,0,0,0,0,0,0,0,0,0,0,0,0,0,0,0,0,0,0,0,0,0,0,0,0,0,0,0,0,0,0,0,0,0,0,0,0,0,0,0,0,0,0,0,0,0,0,0,0,0,0,0,0,0,0,0,0,0,0,0,0,0,0,0,0,0,0,0,0,0,0,0,0,0,0,0,0,0,0,0,0,0,0,0,0,0,0,0,0,0,0,0,0,0,0,0,0,0,0,0,0,0,0,0,0,0,0,0,0,0,0,0,0,0,0,0,0,0,0,0,0,0,0,0,0,0,0,0,0,0,0,0,0,0,0,0,0,0,0,0,0,0,0,0,0,0,0,0,0,0,0,0,0,0,0,0,0,0,0,0,0,0,0,0,0,0,0,0,0,0,0,0,0,0,0,0,0,0,0,0,0,0,0,0,0,0,0,0,0,0,0,0,0,0,0,0,0,0,0,0,0,0,0,0,0,0,0,0,0,0,0,0,0,0,0,0,0,0,0,0,0,0,0,0,0,0,0,0,0,0,0,0,0,0,0,0,0,0,0,0,0,0,0,0,0,0,0,0,0,0,0,0,0,0,0,0,0,0,0,0,0,0,0,0,0,0,0,0,0,0,0,0,0,0,0,0,0,0,0,0,0,0,0,0,0,0,0,0,0,0,0,0,0,0,0
7632_CS,MID-27,1,0,1,0,0,0,0,0,0,0,0,0,0,0,0,0,0,0,0,0,0,0,0,0,0,0,0,0,0,0,0,0,0,0,0,0,0,0,0,0,0,0,0,0,0,0,0,0,0,0,0,0,0,0,0,0,0,0,0,0,0,0,0,0,0,0,0,0,0,0,0,0,0,0,0,0,0,0,0,0,0,0,0,0,0,0,0,0,0,0,0,0,0,0,0,0,0,0,0,0,0,0,0,0,0,0,0,0,0,0,0,0,0,0,0,0,0,0,0,0,0,0,0,0,0,0,0,0,0,0,0,0,0,0,0,0,0,0,0,0,0,0,0,0,0,0,0,0,0,0,0,0,0,0,0,0,0,0,0,0,0,0,0,0,0,0,0,0,0,0,0,0,0,0,0,0,0,0,0,0,0,0,0,0,0,0,0,0,0,0,0,0,0,0,0,0,0,0,0,0,0,0,0,0,0,0,0,0,0,0,0,0,0,0,0,0,0,0,0,0,0,0,0,0,0,0,0,0,0,0,0,0,0,0,0,0,0,0,0,0,0,0,0,0,0,0,0,0,0,0,0,0,0,0,0,0,0,0,0,0,0,0,0,0,0,0,0,0,0,0,0,0,0,0,0,0,0,0,0,0,0,0,0,0,0,0,0,0,0,0,0,0,0,0,0,0,0,0,0,0,0,0,0,0,0,0,0,0,0,0,0,0,0,0,0,0,0,0,0,0,0,0,0,0,0,0,0,0,0,0,0,0,0,0,0,0,0,0,0,0,0,0,0,0,0,0,0,0,0,0,0,0,0,0,0,0,0,0,0,0,0,0,0,0,0,1,0,0,0,0,0,0,0,0,0,0,0,0,0,0,0,0,0,0,0,0,0,0,0,0,0,0,0,0,0,0,0,0,0,0,0,0,0,0,0,0,0,0,0,0,0,0,1,0,0,0,0,1,1,0,0,0,0,0,0,0,0,0,0,0,0,0,0,0,0,0,0,0,0,0,0,0,0,0,0,0,0,0,0,0,0,0,0,0,0,0,0,0,0,0,0,0,0,0,0,0,0,0,0,0,0,0,0,0,0,0,0,0,0,0,0,0,0,0,0,0,0,0,0,0,0,0,0,0,0,0,0,0,0,0,0,0,0,0,0,0,0,0,0,0,0,0,0,0,0,0,0,0,0,0,0,0,0,0,0,0,0,0,0,0,0,0,0,0,0,0,0,0,0,0,0,0,0,0,0,0,0,0,0,0,0,0,0,0,0,0,0,0,0,0,0,0,0,0,0,0,0,0,0,0,0,0,0,0,0,0,0,0,0,0,0,0,0,0,0,0,0,0,0,0,0,0,0,0,0,0,0,0,0,0,0,0,0,0,0,0,0,0,0,0,0,0,0,0,0,0,0,0,0,0,0,0,0,0,0,0,0,0,0,0,0,0,0,0,0,0,0,0,0,0,0,0,0,0,0,0,0,0,0,0,0,0,0,0,0,0,0,0,0,0,0,0,0,0,0,0,0,0,0,0,0,0,0,0,0,0,0,0,0,0,0,0,0,0,0,0,0,0,0,0,0,0,0,0,0,0,0,0,0,0,0,0,0,0,0,0,0,0,0,0,0,0,0,0,0,0,0,0,0,0,0,0,0,0,0,0,0,0,0,0,0,0,0,0,0,0,0,0,0,0,0,0,0,0,0,0,0,0,0,0,0,0,0,0,0,0,0,0,0,0,0,0,0,0,0,0,0,0,0,0,0,0,0,0,0,0,0,0,0,0,0,0,0,0,0,0,0,0,0,0,0,0,0,0,0,0,0,0,0,0,0
7632_ELS,MID-28,1,0,1,0,0,0,0,0,0,0,0,0,0,0,0,0,0,0,0,0,0,0,0,0,0,0,0,0,0,0,0,0,0,0,0,0,0,0,0,0,0,0,0,0,0,0,0,0,0,0,0,0,0,0,0,0,0,0,0,0,0,0,0,0,0,0,0,0,0,0,0,0,0,0,0,0,0,0,0,0,0,0,0,0,0,0,0,0,0,0,0,0,0,0,0,0,0,0,0,0,0,0,0,0,0,0,0,0,0,0,0,0,0,0,0,0,0,0,0,0,0,0,0,0,0,0,0,0,0,0,0,0,0,0,0,0,0,0,0,0,0,0,0,0,0,0,0,0,0,0,0,0,0,0,0,0,0,0,0,0,0,0,0,0,0,0,0,0,0,0,0,0,0,0,0,0,0,0,0,0,0,0,0,0,0,0,0,0,0,0,0,0,0,0,0,0,0,0,0,0,0,0,0,0,0,0,0,0,0,0,0,0,0,0,0,0,0,0,0,0,0,0,0,0,0,0,0,0,0,0,0,0,0,0,0,0,0,0,0,0,0,0,0,0,0,0,0,0,0,0,0,0,0,0,0,0,0,0,0,0,0,0,0,0,0,0,0,0,0,0,0,0,0,0,0,0,0,0,0,0,0,0,0,0,0,0,0,0,0,0,0,0,0,0,0,0,0,0,0,0,0,0,0,0,0,0,0,0,0,0,0,0,0,0,0,0,0,0,0,0,0,0,0,0,0,0,0,0,0,0,0,0,0,0,0,0,0,0,0,0,0,0,0,0,0,0,0,0,0,0,0,0,0,0,0,0,0,0,0,0,0,0,0,0,0,1,0,0,0,0,0,0,0,0,0,0,0,0,0,0,0,0,0,0,0,0,0,0,0,0,0,0,0,0,0,0,0,0,0,0,0,0,0,0,0,0,0,0,0,0,0,0,0,0,0,0,0,0,0,0,0,0,0,0,0,0,0,0,0,0,0,0,0,0,0,0,0,0,0,0,0,0,0,0,0,0,0,0,0,0,0,0,0,0,0,0,0,0,0,0,0,0,0,0,0,0,0,0,0,0,0,0,0,0,0,0,0,0,0,0,0,0,0,0,0,0,0,0,0,0,0,0,0,0,0,0,0,0,0,0,0,0,0,0,0,0,0,0,0,0,0,0,0,0,0,0,0,0,0,0,0,0,0,0,0,0,0,0,0,0,0,0,0,0,0,0,0,0,0,0,0,0,0,0,0,0,0,0,0,0,0,0,0,0,0,0,0,0,0,0,0,0,0,0,0,0,0,0,0,0,0,0,0,0,0,0,0,0,0,0,0,0,0,0,0,0,0,0,0,0,0,1,0,0,0,1,0,1,0,1,0,0,0,0,0,0,0,0,0,0,0,0,0,0,0,0,0,0,0,0,0,0,0,0,0,0,0,0,0,0,0,0,0,0,0,0,0,0,0,0,0,0,0,0,0,0,0,0,0,0,0,0,0,0,0,0,0,0,0,0,0,0,0,0,0,0,0,0,0,0,0,0,0,0,0,0,0,0,0,0,0,0,0,0,0,0,0,0,0,0,0,0,0,0,0,0,0,0,0,0,0,0,0,0,0,0,0,0,0,0,0,0,0,0,0,0,0,0,0,0,0,0,0,0,0,0,0,0,0,0,0,0,0,0,0,0,0,0,0,0,0,0,0,0,0,0,0,0,0,0,0,0,0,0,0,0,0,0,0,0,0,0,0,0,0,0,0,0,0,0,0,0,0,0,0,0,0,0,0,0,0,0,0,0,0,0,0,0,0,0,0,0,0,0,0,0,0,0,0,0,0
7742_ELS,MID-36,1,0,1,0,1,1,0,0,0,0,0,0,0,0,0,0,0,0,0,0,0,0,0,0,0,0,0,0,0,0,0,0,0,0,0,0,0,0,0,0,0,0,0,0,0,0,0,0,0,0,0,0,0,0,0,0,0,0,0,0,0,0,0,0,0,0,0,0,0,0,0,0,0,0,0,0,0,0,0,0,0,0,0,0,0,0,0,0,0,0,0,0,0,0,0,0,0,0,0,0,0,0,0,0,0,0,0,0,0,0,0,0,0,0,0,0,0,0,0,0,0,0,0,0,0,0,0,0,0,0,0,0,0,0,0,0,0,0,0,0,0,0,0,0,0,0,0,0,0,0,0,0,0,0,0,0,0,0,0,0,0,0,0,0,0,0,0,0,0,0,0,0,0,0,0,0,0,0,0,0,0,0,0,0,0,0,0,0,0,0,0,0,0,0,0,0,0,0,0,0,0,0,0,0,0,0,0,0,0,0,0,0,0,0,0,0,0,0,0,0,0,0,0,0,0,0,0,0,0,0,0,0,0,0,0,0,0,0,0,0,0,0,0,0,0,0,0,0,0,0,0,0,0,0,0,0,0,0,0,0,0,0,0,0,0,0,0,0,0,0,0,0,0,0,0,0,0,0,0,0,0,0,0,0,0,0,0,0,0,0,0,0,0,0,0,0,0,0,0,0,0,0,0,0,0,0,0,0,0,0,0,0,0,0,0,0,0,0,0,0,0,0,0,0,0,0,0,0,0,0,0,0,0,0,0,0,0,0,0,0,0,0,0,0,0,0,0,0,0,0,0,0,0,0,0,0,0,0,0,0,0,0,0,0,0,0,0,0,0,0,0,0,0,0,0,0,0,0,0,0,0,0,0,0,0,0,0,0,0,0,0,0,0,0,0,0,0,0,0,0,0,0,0,0,0,0,0,0,0,0,0,0,0,0,0,0,0,0,0,0,0,0,0,0,0,0,0,0,0,0,0,0,0,0,0,0,0,0,0,0,0,0,0,0,0,0,0,0,0,0,0,0,0,0,0,0,0,0,0,0,0,0,0,0,0,0,0,0,0,0,0,0,0,0,0,0,0,0,0,0,0,0,0,0,0,0,0,0,0,0,0,0,0,0,0,0,0,0,0,0,0,0,0,0,0,0,0,0,0,0,0,0,0,0,0,0,0,0,0,0,0,0,0,0,0,0,0,0,0,0,0,0,0,0,0,0,0,0,0,0,0,0,0,0,0,0,0,0,0,0,0,0,0,0,0,0,0,0,0,0,0,0,0,0,0,0,0,0,0,0,0,0,0,0,0,0,0,0,0,0,0,0,0,0,0,0,0,0,0,0,0,0,0,0,0,0,0,0,0,0,0,0,0,0,0,0,0,0,0,0,0,0,0,0,0,0,0,0,0,0,0,0,0,0,0,0,0,0,0,0,0,0,0,0,0,0,0,0,0,0,0,0,0,0,0,0,0,0,0,0,0,0,0,0,0,0,0,0,0,0,0,0,0,0,0,0,0,0,0,0,0,0,0,0,0,0,0,0,0,0,0,0,0,0,0,0,0,0,0,0,0,0,0,0,0,0,0,0,0,0,0,0,0,0,0,0,0,0,0,0,0,0,0,0,0,0,0,0,0,0,0,0,0,0,0,0,0,0,0,0,0,0,0,0,0,0,0,0,0,0,0,0,0,0,0,0,0,0,0,0,0,0,0,0,0,0,0,0,0,0,0,0,0,0,0,0,0,0,0,0,0,0,0,0,0,0,0,0,0,0,0,0,0,0,0,0,0,0,0,0,0,0,0,0,0,0,0,0,0,0,0
7742_EMS,MID-37,2,0,2,0,0,0,0,0,0,0,0,0,0,0,0,0,0,0,0,0,0,0,0,0,0,0,0,0,0,0,0,0,0,0,0,0,0,0,0,0,0,0,0,0,0,0,0,0,0,0,0,0,0,0,0,0,0,0,0,0,0,0,0,0,0,0,0,0,0,0,0,0,0,0,0,0,0,0,0,0,0,0,0,0,0,0,0,0,0,0,0,0,0,0,0,0,0,0,0,0,0,0,0,0,0,0,0,0,0,0,0,0,0,0,0,0,0,0,0,0,0,0,0,0,0,0,0,0,0,0,0,0,0,0,0,0,0,0,0,0,0,0,0,0,0,0,0,0,0,0,0,0,0,0,0,0,0,0,0,0,0,0,0,0,0,0,0,0,0,0,0,0,0,0,0,0,0,0,0,0,0,0,0,0,0,0,0,0,0,0,0,0,0,0,0,0,0,0,0,0,0,0,0,0,0,0,0,0,0,0,0,0,0,0,0,0,0,0,0,0,0,0,0,0,0,0,0,0,0,0,0,0,0,0,0,0,0,0,0,0,0,0,0,0,0,0,0,0,0,0,0,0,0,0,0,0,0,0,0,0,0,0,0,0,0,0,0,0,0,0,0,0,0,0,0,0,0,0,0,0,0,0,0,0,0,0,0,0,0,0,0,0,0,0,0,0,0,0,0,0,0,0,0,0,0,0,0,0,0,0,0,0,0,0,0,0,0,0,0,0,0,0,0,0,0,0,0,0,0,0,0,0,0,0,0,0,0,0,0,0,0,0,0,0,0,0,0,0,0,0,0,0,0,0,0,0,0,0,0,0,0,0,0,0,0,2,0,0,0,0,0,0,0,0,0,0,0,0,0,0,0,0,0,0,0,0,0,0,0,0,0,0,0,0,0,0,0,0,0,0,0,0,0,0,0,0,0,0,0,0,0,0,1,0,0,0,0,1,0,0,0,0,0,0,0,0,0,0,0,0,0,0,0,0,0,0,0,0,0,0,0,0,0,0,0,0,0,0,0,0,0,0,1,0,0,0,0,0,0,0,0,0,0,0,0,1,0,0,0,0,0,0,0,0,0,0,0,0,0,0,0,0,0,0,0,0,0,0,0,0,0,0,0,0,0,0,0,0,0,0,0,0,0,0,0,0,0,0,0,0,0,0,0,0,0,0,0,0,0,0,0,0,0,0,0,0,0,0,0,0,0,0,0,0,0,0,0,0,0,0,0,0,0,0,0,0,0,0,0,0,0,0,0,0,0,0,0,0,0,0,0,0,0,0,0,0,0,0,0,0,0,0,0,0,0,0,0,0,0,0,0,0,0,0,0,0,0,0,0,0,0,1,0,0,0,1,0,1,0,1,0,0,0,0,0,0,0,0,0,0,0,0,0,0,0,0,0,0,0,0,0,0,0,0,0,0,0,0,0,0,0,0,0,0,0,0,0,0,0,0,0,0,0,0,0,0,0,0,0,0,0,0,0,0,0,0,0,0,0,0,0,0,0,0,0,0,0,0,0,0,0,0,0,0,0,0,0,0,0,0,0,0,0,0,0,0,0,0,0,0,0,0,0,0,0,0,0,0,0,0,0,0,0,0,0,0,0,0,0,0,0,0,0,0,0,0,0,0,0,0,0,0,0,0,0,0,0,0,0,0,0,0,0,0,0,0,0,0,0,0,0,0,0,0,0,0,0,0,0,0,0,0,0,0,0,0,0,0,0,0,0,0,0,0,0,0,0,0,0,0,0,0,0,0,0,0,0,0,0,0,0,0,0,0,0,0,0,0,0,0,0,0,0,0,0,0,0,0,0,0,0
7751_EMS,MID-41,15939,55,15884,3830,175,175,205,205,205,0,205,10,0,195,0,0,0,0,0,0,1050,1050,0,0,0,0,0,0,0,0,0,0,0,0,0,0,0,0,0,1050,0,1050,112,0,0,0,0,0,0,0,380,100,0,0,0,0,85,0,85,0,0,0,0,0,0,0,0,0,0,0,0,0,0,0,0,0,119,68,0,51,0,0,0,0,0,0,0,0,0,0,76,76,0,0,0,0,0,0,0,0,0,0,0,0,0,0,0,0,0,0,0,0,0,558,2,330,25,305,0,226,0,0,0,0,226,0,0,0,0,0,0,0,0,0,0,0,0,0,0,0,0,0,0,0,0,0,0,0,0,0,0,0,0,0,0,0,0,0,818,0,670,2,522,7,0,0,0,100,100,0,0,0,0,0,0,0,81,0,0,0,0,81,0,224,0,224,0,0,110,1,109,146,0,0,0,0,0,0,0,0,0,0,0,146,0,0,146,0,0,0,0,0,0,0,0,0,0,0,0,0,0,148,0,148,0,0,0,0,0,0,0,0,0,0,148,148,0,0,0,0,0,0,0,0,0,0,0,0,0,0,0,0,0,0,0,0,0,0,0,0,0,0,0,0,0,0,0,0,0,0,0,0,0,0,0,0,0,0,0,0,0,0,0,0,0,0,0,0,0,606,0,0,0,0,0,0,0,0,0,0,0,0,0,0,0,0,0,0,0,66,66,0,1,0,1,60,60,0,0,0,0,0,0,0,0,5,0,0,1,0,0,0,0,0,4,0,0,0,0,0,0,0,0,0,0,0,0,540,540,0,0,0,0,540,197,67,0,0,271,5,0,0,0,0,0,6836,168,0,0,0,0,0,0,286,41,0,0,0,0,0,0,0,0,175,0,175,175,0,0,0,0,0,0,0,0,0,0,70,0,70,68,2,2,0,0,0,0,0,0,0,0,0,1388,186,0,0,0,961,201,9,9,0,0,0,0,0,0,0,63,0,0,0,63,0,0,0,0,0,0,0,0,245,1,0,0,14,0,0,0,230,0,0,443,42,0,0,0,61,0,0,0,0,0,0,0,74,47,218,0,0,0,0,1,0,0,0,0,0,241,241,68,15,0,158,0,0,0,0,0,0,0,0,0,0,0,0,0,0,0,0,0,0,1643,2,0,0,677,107,458,152,0,14,292,0,75,0,75,0,0,0,0,0,0,0,0,0,0,0,0,0,0,0,0,0,0,0,0,0,0,0,0,37,0,37,356,0,0,356,0,221,0,135,0,0,0,0,0,108,0,108,0,0,0,108,0,0,0,0,0,0,440,5,435,234,0,74,0,127,0,0,0,0,60,60,0,0,0,60,0,0,0,3351,30,0,0,1369,0,989,20,855,87,0,0,27,380,13,0,367,0,0,0,0,0,0,0,0,0,0,0,0,0,0,0,0,0,0,0,0,0,0,1710,1710,706,1002,0,0,0,0,0,0,0,0,2,0,64,64,0,0,64,94,0,0,0,0,0,94,15,0,0,0,0,0,0,79,0,0,0,0,0,0,0,0,0,0,0,0,0,0,0,0,0,0,0,0,0,84,0,84,0,84,0,0,0,0,0,0,0,0,0,0,0,0,0,0,0,0,0,0,0,0,0,0,0,0,0,0,0,0,0,8,8,8,8,8,0,0,0,0,0,0,0,0,0,0,0,0,0,0,0,0,0,0,0,0,0,0,0,0,0,0,0,0,0,0,2356,1,2356,0,0,0,0,2355,2,0,25,0,2328,0,0,0,0,0,0,0,0,0,0,0,0,0,0,0,0,0,0,0,0,0,0,0,0,0,0,0,0,0,0,0,0,0,0
7751_EUS,MID-42,14551,598,13953,2508,63,63,27,27,27,0,0,0,0,0,0,27,0,0,27,0,1138,1138,1,0,0,0,0,0,0,0,0,0,0,0,0,0,0,0,0,1137,0,1137,137,49,0,49,1,0,48,0,347,182,0,0,0,0,71,0,0,0,0,0,71,3,0,0,3,0,0,0,26,1,25,0,0,0,65,65,0,0,0,0,0,0,0,0,0,0,0,0,0,0,0,0,21,0,0,0,0,21,0,21,0,0,0,0,0,0,0,19,19,0,19,409,0,0,0,0,0,409,1,0,0,0,408,155,1,0,0,0,0,0,0,0,0,0,154,3,151,0,0,0,0,0,0,0,0,0,0,0,0,0,0,0,0,0,0,0,544,0,365,0,134,0,0,0,0,134,134,0,0,0,0,0,0,0,0,0,0,0,0,0,0,0,0,0,0,0,0,0,0,231,125,0,0,0,0,0,57,0,0,0,57,49,5,0,44,0,0,0,0,0,0,0,0,0,0,0,0,0,0,179,0,179,99,0,0,0,0,0,0,0,0,0,0,0,0,0,0,0,0,0,0,0,0,0,0,0,0,0,0,0,0,0,0,0,0,0,0,0,0,0,80,0,0,0,0,0,80,0,0,0,0,0,0,0,0,0,0,0,0,0,29,29,0,0,0,0,0,803,49,32,32,0,0,0,0,0,0,0,32,0,32,0,0,0,0,0,0,335,335,5,52,45,7,0,0,0,0,0,0,0,0,0,0,54,0,22,0,32,0,0,0,0,0,0,0,0,0,224,0,0,0,157,0,0,67,387,387,0,0,0,0,387,151,0,0,0,120,78,32,0,6,0,0,8561,267,19,0,19,19,0,19,21,1,0,0,0,0,0,0,0,0,0,0,0,0,0,0,0,0,0,0,0,0,0,0,20,0,20,0,20,20,0,0,0,0,0,0,0,0,0,2533,434,0,0,0,1999,157,270,72,1,0,0,148,39,0,10,50,0,31,0,19,0,0,0,0,0,0,0,0,194,33,0,0,0,0,0,0,161,0,0,1328,193,0,0,0,405,0,0,0,27,0,0,0,600,0,41,0,0,30,32,0,0,0,0,0,0,52,52,0,52,0,0,35,35,0,0,0,35,0,13,13,0,0,0,0,1,0,12,0,0,855,24,0,0,227,40,22,0,0,0,0,22,0,0,0,0,0,0,0,0,33,33,0,0,0,0,0,0,0,0,0,0,0,0,0,25,21,0,4,107,0,107,131,0,0,131,1,0,0,0,130,0,0,0,0,9,0,0,0,0,0,0,9,9,0,0,0,0,389,0,359,191,0,45,0,0,123,30,30,0,75,75,1,0,0,74,0,0,0,4866,442,0,0,3101,0,2491,19,2469,3,0,0,0,610,16,0,594,0,0,0,0,0,0,0,1,1,0,0,0,0,0,0,0,54,54,9,45,0,0,838,838,509,192,0,0,0,0,0,0,0,0,137,0,8,8,0,0,8,422,0,111,36,0,75,311,8,0,0,0,0,0,83,174,46,0,0,0,0,0,0,0,0,0,0,0,0,0,0,0,0,0,0,0,0,0,0,0,0,0,0,0,0,0,0,0,0,0,0,0,0,0,0,0,0,0,0,0,0,0,0,0,0,0,0,0,0,0,0,0,0,0,0,0,0,0,0,0,0,0,0,0,0,0,0,0,0,0,0,0,0,0,0,0,0,0,0,0,0,0,0,0,0,0,280,0,280,0,0,0,0,280,18,0,8,65,189,0,0,0,0,0,0,0,0,0,0,0,0,0,0,0,0,0,0,0,0,0,0,0,0,0,0,0,0,0,0,0,0,0,0
7824_ELS,MID-44,10886,46,10840,476,22,22,0,0,0,0,0,0,0,0,0,0,0,0,0,0,116,116,0,0,0,0,0,0,0,0,0,0,0,0,0,0,0,0,0,116,0,116,22,0,0,0,0,0,0,0,43,27,0,0,0,0,0,0,0,0,0,0,0,1,1,0,0,0,0,0,0,0,0,0,0,0,15,14,0,1,0,0,0,0,0,0,0,0,0,0,0,0,0,0,0,0,0,0,0,0,0,0,0,0,0,0,0,0,0,0,0,0,0,8,0,0,0,0,0,8,0,0,0,0,8,43,0,0,0,0,0,0,0,0,0,0,43,0,43,0,0,0,0,0,0,0,0,0,0,0,0,0,0,0,0,0,0,0,77,1,70,0,37,0,0,0,0,0,0,0,0,0,0,0,0,0,0,0,0,0,0,0,0,37,1,36,0,0,0,0,0,33,13,15,0,0,12,3,0,0,0,0,0,5,1,1,1,0,0,0,2,0,0,0,2,2,2,2,0,0,0,4,0,4,4,0,0,0,0,0,0,0,0,0,0,0,0,0,0,0,0,0,0,0,0,0,0,0,0,0,0,0,0,0,0,0,0,0,0,0,0,0,0,0,0,0,0,0,0,0,0,0,0,0,0,0,0,0,0,0,0,0,9,9,0,0,0,0,0,284,11,15,15,0,10,0,10,0,0,0,5,0,0,0,0,5,0,0,0,49,49,0,5,0,5,10,10,0,0,0,0,0,0,0,0,10,0,5,5,0,0,0,0,0,0,0,0,0,0,24,0,0,0,23,0,1,0,209,209,0,0,0,0,209,95,0,0,0,24,85,3,0,2,0,0,9802,32,22,0,22,22,0,22,6,6,0,0,0,0,0,0,0,0,0,0,0,0,0,0,0,0,0,0,0,0,0,0,0,0,0,0,0,0,0,0,0,0,0,0,0,0,0,963,34,0,0,0,886,30,20,0,20,0,0,0,0,0,0,0,0,0,0,0,0,0,20,5,15,0,0,0,3,0,0,0,0,0,0,0,3,0,0,813,14,0,0,0,585,11,0,0,0,0,0,0,201,0,1,0,0,0,1,0,0,0,0,0,0,18,18,0,0,18,0,0,0,0,0,0,0,0,25,25,0,0,4,0,0,0,12,9,0,160,3,6,6,12,1,2,0,0,0,0,2,0,0,0,0,0,0,0,0,1,1,0,0,0,0,0,0,0,0,0,0,0,0,0,8,0,8,0,0,0,0,21,0,0,21,0,5,0,8,8,0,0,0,0,14,0,14,0,0,0,14,0,0,0,0,0,0,54,0,50,7,0,0,0,14,29,4,0,4,50,50,1,0,0,49,0,0,0,8619,36,0,0,8222,4,7102,4,7098,0,0,0,0,1116,34,0,1082,0,0,0,0,0,0,0,0,0,0,0,0,0,0,0,0,9,9,3,6,0,0,230,230,217,9,0,0,0,0,0,1,1,0,2,0,19,19,0,0,19,94,0,6,0,0,6,88,2,0,0,0,0,0,0,84,2,0,0,0,0,0,0,0,0,0,0,9,0,0,0,0,0,0,0,9,9,0,0,0,0,0,0,0,0,0,0,0,0,0,0,0,17,0,0,0,17,17,0,0,0,0,0,0,0,0,0,0,0,0,0,1,1,1,0,0,1,1,0,0,0,0,0,0,0,0,0,0,0,0,0,0,0,0,0,0,0,0,0,0,0,0,0,0,0,0,35,0,35,0,0,0,0,35,0,0,0,9,26,0,0,0,0,0,0,0,0,0,0,0,0,0,0,1,0,1,1,1,1,0,0,0,0,0,0,0,0,0,0,0,0,0,0
7824_CS,MID-43,7912,19,7893,140,11,11,1,1,1,0,0,0,0,0,0,1,0,0,1,0,221,221,0,0,0,0,0,0,0,0,0,0,0,0,0,0,0,0,0,221,0,221,24,0,0,0,0,0,0,0,163,43,0,0,0,0,15,0,0,15,0,0,0,3,1,0,2,0,0,0,0,0,0,0,0,0,102,8,0,17,0,0,0,0,0,77,0,0,0,0,0,0,0,0,2,0,2,2,0,0,0,0,0,0,0,0,0,0,0,5,5,0,5,26,0,0,0,0,0,26,0,0,0,0,26,1,0,0,0,0,0,0,0,0,0,0,1,0,1,0,0,0,0,0,0,0,0,0,0,0,0,0,0,0,0,0,0,0,2687,0,2674,0,2633,15,0,0,0,78,78,0,8,0,0,0,8,0,0,0,0,0,0,0,0,0,0,0,0,0,2532,6,2526,41,14,17,0,0,17,0,0,0,0,0,0,10,0,0,9,1,0,0,0,0,0,0,0,0,0,0,0,0,0,13,0,13,1,0,0,0,0,0,0,0,0,0,0,0,0,0,0,0,0,0,0,0,0,0,0,0,0,0,9,9,0,0,0,0,0,0,3,3,0,0,0,0,0,0,0,0,0,0,0,0,0,0,0,0,0,0,0,0,0,0,9,9,0,0,0,0,0,177,5,0,0,0,0,0,0,0,0,0,0,0,0,0,0,0,0,0,0,30,30,3,3,3,0,3,3,0,0,0,0,0,0,0,0,11,0,2,1,0,0,0,0,0,0,4,4,0,0,10,0,0,0,8,0,0,2,142,142,0,0,0,0,142,65,0,0,0,17,58,2,0,0,0,0,4600,29,14,0,14,14,0,14,3,2,0,0,0,0,0,0,0,0,0,0,0,0,0,0,0,0,0,0,0,1,1,1,0,0,0,0,0,0,0,0,0,0,0,0,0,0,0,673,10,0,0,0,628,19,3,3,0,0,0,0,0,0,0,4,0,0,0,4,0,0,0,0,0,0,0,0,23,1,11,0,1,2,0,0,8,0,0,579,22,0,0,0,365,3,0,0,5,0,0,0,150,0,23,0,9,0,0,2,0,9,9,0,9,16,16,0,0,16,0,0,0,0,0,0,0,0,10,10,1,0,0,0,6,0,3,0,0,77,5,0,0,11,2,7,1,0,0,6,0,0,0,0,0,0,0,0,0,0,0,0,0,0,0,0,0,0,0,0,0,0,0,0,0,0,0,0,2,0,2,0,0,0,0,0,0,0,0,0,0,0,0,0,2,0,2,0,2,0,0,0,0,0,0,0,0,34,4,29,6,0,3,0,5,15,1,0,1,25,25,3,0,0,22,0,0,0,3804,43,0,0,3589,3,3216,30,3186,0,0,0,0,370,14,1,355,0,0,0,0,0,0,0,0,0,0,0,0,0,0,0,0,2,2,0,2,0,0,126,126,95,29,0,0,0,0,0,0,1,0,1,0,6,6,0,0,6,35,0,0,0,0,0,35,0,0,0,0,0,4,7,24,0,0,0,0,0,0,0,0,0,0,0,3,0,0,0,0,0,3,3,0,0,0,0,0,0,0,0,0,0,0,0,0,0,0,0,0,3,0,0,0,3,3,0,0,0,0,0,0,0,0,0,0,0,0,0,5,5,5,0,0,5,5,0,0,0,0,1,0,0,0,1,0,1,1,1,0,0,0,0,0,0,0,0,0,0,0,0,0,0,0,38,2,38,0,0,0,0,36,0,0,7,1,28,0,0,0,0,0,0,0,0,0,0,0,0,0,0,0,0,0,0,0,0,0,0,0,0,0,0,0,0,0,0,0,0,0,0
7824_EMS,MID-45,8401,13,8388,347,0,0,0,0,0,0,0,0,0,0,0,0,0,0,0,0,331,331,0,0,0,0,0,0,0,0,0,0,7,7,7,7,7,0,0,324,0,324,74,0,0,0,0,0,0,0,156,106,0,0,0,0,0,0,0,0,0,0,0,9,5,0,4,0,0,0,5,0,5,13,0,13,2,0,0,2,0,0,0,0,0,0,0,0,0,0,0,0,21,21,0,0,0,0,0,0,0,0,0,0,0,0,0,0,0,0,0,0,0,50,0,0,0,0,0,50,0,0,0,0,50,44,1,0,0,0,0,0,0,0,0,0,43,1,42,0,0,0,0,0,0,0,0,0,0,0,0,0,0,0,0,0,0,0,209,2,170,0,125,0,0,0,0,75,75,0,0,0,0,0,0,0,0,0,0,0,0,0,0,17,3,4,10,0,33,1,32,45,19,9,0,0,0,9,0,0,0,0,0,17,10,0,7,0,0,0,0,0,0,0,4,4,4,2,0,2,0,33,1,32,9,0,0,0,0,0,0,0,0,0,0,0,0,0,0,0,0,0,0,0,0,0,0,0,0,0,12,12,0,0,0,0,0,0,0,0,0,0,11,0,0,0,11,0,0,0,0,0,0,0,0,0,0,0,0,0,0,0,1,1,0,0,0,0,0,363,42,25,25,7,0,0,0,0,0,0,18,18,0,0,0,0,0,0,0,46,46,5,10,1,9,0,0,0,0,0,0,0,0,0,0,0,0,0,0,0,0,0,0,0,0,0,0,0,0,31,0,0,0,31,0,0,0,250,250,0,0,0,0,250,105,0,1,0,52,68,15,0,0,0,9,7085,38,1,0,1,1,0,1,2,2,0,0,0,0,0,0,0,0,0,0,0,0,0,0,0,0,0,0,0,0,0,0,0,0,0,0,0,0,0,0,0,0,0,0,0,0,0,717,12,0,0,0,673,6,0,0,0,0,0,0,0,0,0,24,0,0,0,24,0,0,0,0,0,0,0,0,31,1,16,14,0,0,0,0,0,0,0,612,94,0,0,0,249,0,0,0,0,0,0,0,218,0,17,0,0,0,18,0,16,0,0,0,0,4,4,4,0,0,0,0,0,0,0,0,0,0,28,28,1,0,10,0,4,0,13,0,0,296,17,0,0,54,17,24,3,0,0,21,0,0,0,0,0,0,0,0,0,4,4,0,0,0,0,0,0,0,0,0,0,0,0,0,0,0,0,0,9,0,9,26,0,0,26,0,0,0,26,0,0,0,0,0,0,0,0,0,0,0,0,0,0,0,0,0,0,45,0,45,23,0,0,0,4,18,0,0,0,154,154,1,0,0,153,0,0,0,6031,151,0,0,5332,0,4473,3,4459,0,0,11,0,859,40,0,819,0,0,0,0,0,0,0,8,1,0,0,0,0,7,0,7,11,11,1,10,0,0,330,330,224,96,0,0,0,0,0,0,1,0,9,0,79,79,4,0,75,101,0,21,0,0,21,80,5,0,0,0,0,0,12,63,0,0,0,0,0,0,0,0,0,0,0,19,5,5,0,0,0,14,14,0,0,0,0,0,0,0,0,0,0,0,0,0,0,0,0,0,0,0,0,0,0,0,0,0,0,0,0,0,0,0,0,0,0,0,0,0,0,0,0,0,0,0,0,0,0,0,4,3,0,0,0,0,0,0,0,1,1,1,1,0,0,0,0,0,0,0,0,0,0,0,48,0,48,0,0,0,0,48,7,0,0,0,41,0,0,0,0,0,0,0,0,0,0,0,0,0,0,0,0,0,0,0,0,0,0,0,0,0,0,0,0,0,0,0,0,0,0
7878_CS,MID-47,10887,425,10462,974,26,26,0,0,0,0,0,0,0,0,0,0,0,0,0,0,913,913,3,46,0,0,0,0,0,0,46,46,32,32,32,32,32,0,0,832,0,832,190,121,0,121,32,89,0,0,272,154,0,0,0,0,0,0,0,0,0,0,0,5,3,0,2,0,0,0,0,0,0,0,0,0,113,36,0,0,0,0,0,0,0,0,0,77,0,0,0,0,0,0,0,0,0,0,0,0,0,0,0,0,0,0,0,0,0,51,51,0,51,11,0,0,0,0,0,11,0,0,0,0,11,187,1,0,0,0,0,0,0,0,0,0,186,1,185,0,0,0,0,0,0,0,0,0,0,0,0,0,0,0,0,0,0,0,1228,51,1095,1,835,0,0,0,0,344,344,0,491,0,0,0,491,0,0,0,0,0,0,0,0,0,0,0,0,0,0,0,0,259,43,90,0,0,90,0,0,0,0,0,0,126,67,0,59,0,0,0,0,0,0,0,58,58,58,41,0,17,0,24,24,0,0,0,0,0,0,0,0,0,0,0,0,0,0,0,0,0,0,0,0,0,0,0,0,0,0,0,0,0,0,0,0,0,0,0,0,0,0,0,0,0,0,0,0,0,0,0,0,0,0,0,0,0,0,0,0,0,0,0,97,97,0,0,0,0,0,1122,202,254,254,0,0,0,0,0,140,140,114,0,114,0,0,0,0,0,0,371,371,54,33,22,11,123,26,0,0,0,0,0,97,0,0,63,0,0,63,0,0,0,0,0,0,0,0,0,0,98,0,0,0,98,0,0,0,295,295,0,0,0,0,295,102,0,0,0,142,51,0,0,0,0,0,5668,144,115,0,115,115,0,115,49,49,0,0,0,0,0,0,0,0,0,0,0,0,0,0,0,0,0,0,0,0,0,0,0,0,0,0,0,0,0,0,0,0,0,0,0,0,0,1044,28,0,0,0,944,39,16,16,0,0,0,0,0,0,0,96,0,0,0,96,0,0,6,5,0,0,0,1,162,25,0,0,52,0,0,0,85,0,0,625,179,0,0,0,0,0,0,0,53,0,0,0,251,0,1,0,4,0,85,0,52,0,0,0,0,2,2,0,2,0,0,0,0,0,0,0,0,0,70,70,0,0,0,0,70,0,0,0,0,1058,51,0,0,409,5,79,3,0,0,5,71,0,0,0,0,0,0,0,0,91,91,0,0,0,0,0,0,0,118,7,0,111,0,0,0,0,0,0,116,0,116,14,14,14,0,0,0,0,0,0,0,0,0,0,0,0,0,0,0,0,0,0,0,0,0,0,0,162,0,106,19,0,87,0,0,0,56,27,29,422,422,7,0,0,415,0,0,0,3258,353,0,0,2103,1,1971,1,1778,192,0,0,0,131,3,0,128,0,0,0,0,0,0,0,0,0,0,0,0,0,0,0,0,0,0,0,0,0,0,739,739,504,233,0,0,0,0,0,0,0,0,2,0,15,15,0,0,15,48,0,0,0,0,0,48,1,0,0,0,0,0,0,0,47,0,0,0,0,0,0,0,0,0,0,0,0,0,0,0,0,0,0,0,0,0,0,0,0,0,0,0,0,0,0,0,0,0,0,0,43,0,0,0,30,30,0,0,13,13,0,0,0,0,0,0,0,0,0,353,353,353,353,353,0,0,0,0,0,0,5,1,0,0,0,0,0,0,0,4,4,4,0,0,0,4,0,0,0,0,0,0,0,0,33,0,33,0,0,0,0,33,5,0,28,0,0,0,0,0,0,0,0,0,0,0,0,0,0,0,0,0,0,0,0,0,0,0,0,0,0,0,0,0,0,0,0,0,0,0,0
7824_EUS,MID-46,15656,10,15646,357,0,0,0,0,0,0,0,0,0,0,0,0,0,0,0,0,279,279,0,0,0,0,0,0,0,0,0,0,0,0,0,0,0,0,0,279,0,279,34,7,0,7,3,0,0,4,45,6,0,0,0,0,20,0,0,20,0,0,0,0,0,0,0,0,0,0,0,0,0,0,0,0,19,7,12,0,0,0,0,0,0,0,0,0,0,0,0,0,0,0,7,7,0,0,0,0,0,0,0,0,0,0,0,0,0,0,0,0,0,176,0,29,22,7,0,147,0,0,0,0,147,10,0,0,0,0,0,0,0,0,0,0,10,0,10,0,0,0,0,0,0,0,0,0,0,0,0,0,0,0,0,0,0,0,186,0,172,0,172,0,0,0,0,16,16,0,31,0,0,0,31,0,0,0,0,0,0,0,0,49,0,49,0,0,76,0,76,0,0,0,0,0,0,0,0,0,0,0,0,0,0,0,0,0,0,0,0,0,0,0,0,0,0,0,0,0,0,14,0,14,0,0,0,0,0,0,0,0,0,0,0,0,0,0,0,0,0,0,0,0,0,0,0,0,0,0,0,0,0,0,0,0,0,0,0,0,0,0,14,0,0,14,0,0,0,0,0,0,0,0,0,0,0,0,0,0,0,0,3,3,8,8,8,8,8,302,5,6,6,0,0,0,0,0,0,0,6,0,0,0,0,6,0,0,0,16,16,5,2,2,0,0,0,0,0,0,0,0,0,0,0,5,5,0,0,0,0,0,0,0,0,0,0,0,0,4,0,0,0,0,0,0,4,275,275,0,0,0,0,275,119,0,0,0,25,131,0,0,0,0,0,14441,62,265,0,265,265,0,265,4,1,0,0,0,0,0,0,0,0,0,0,0,0,0,0,0,0,0,0,0,0,0,0,3,0,0,0,0,0,0,0,3,2,1,1,0,0,0,1286,17,0,0,0,1191,11,15,6,0,9,0,0,0,0,0,10,0,0,0,10,0,0,24,2,22,0,0,0,23,0,8,3,0,0,0,0,12,0,0,1108,57,0,0,0,714,0,0,0,12,0,0,0,292,0,17,0,14,0,0,2,0,13,13,13,0,50,50,0,0,50,0,0,0,0,0,0,0,0,15,15,0,0,10,0,0,0,5,0,0,427,39,0,0,33,13,5,0,0,0,0,5,0,0,0,0,0,0,0,0,0,0,0,0,0,0,0,0,0,0,0,0,0,0,0,0,0,0,0,15,0,15,5,0,0,5,0,0,0,0,5,0,0,0,0,101,0,0,0,0,0,0,101,100,0,0,0,1,178,7,170,2,0,87,15,19,47,1,0,1,71,71,1,0,0,42,0,28,0,12397,25,0,0,11836,9,9990,10,9960,15,0,0,5,1837,73,2,1762,0,0,0,0,0,0,0,0,0,0,0,0,0,0,0,0,0,0,0,0,0,0,311,311,227,51,0,0,0,0,0,0,0,0,33,0,0,0,0,0,0,211,0,5,0,0,5,206,1,0,0,0,0,0,0,197,8,0,0,0,0,0,0,0,0,0,0,14,0,0,0,0,0,14,14,0,0,0,0,0,0,0,8,8,8,8,8,0,0,0,0,0,5,0,0,0,1,1,0,0,0,0,0,0,0,0,0,4,4,0,0,0,0,0,0,0,0,0,0,0,0,0,0,0,0,0,0,0,0,0,0,0,0,0,0,0,0,0,0,0,0,0,0,0,0,0,57,0,57,0,0,0,0,57,0,0,6,6,45,0,0,0,0,0,0,0,0,0,0,0,0,0,0,0,0,0,0,0,0,0,0,0,0,0,0,0,0,0,0,0,0,0,0
7878_ELS,MID-48,18445,81,18364,2214,0,0,0,0,0,0,0,0,0,0,0,0,0,0,0,0,1025,1025,17,0,0,0,0,0,0,0,0,0,0,0,0,0,0,0,0,1008,0,1008,54,0,0,0,0,0,0,0,229,97,0,0,0,0,29,0,0,0,0,0,29,7,2,0,5,0,0,0,0,0,0,0,0,0,20,20,0,0,0,0,0,0,0,0,0,0,76,76,0,0,0,0,73,0,73,73,0,0,0,0,0,0,0,0,0,0,0,0,0,0,0,417,0,0,0,0,0,417,0,0,0,0,417,235,0,0,0,0,0,0,0,0,0,0,235,0,235,0,0,0,0,0,0,0,0,0,0,0,0,0,0,0,0,0,0,0,1160,4,819,0,254,0,0,0,0,254,254,0,0,0,0,0,0,0,0,0,0,0,0,0,0,0,0,0,0,0,0,0,0,565,20,489,0,0,489,0,0,0,0,0,0,56,19,0,37,0,0,0,0,0,0,0,18,18,18,0,18,0,0,319,8,311,24,0,0,0,0,0,0,0,0,0,206,0,0,124,82,0,0,0,0,51,51,0,0,0,0,0,0,0,0,0,0,0,0,0,0,0,0,0,30,0,0,30,0,0,0,0,0,0,0,0,0,0,0,0,0,0,0,0,24,24,0,0,0,0,0,1232,102,53,53,10,43,43,0,0,0,0,0,0,0,0,0,0,0,0,0,147,147,0,0,0,0,0,0,0,0,0,0,0,0,0,0,147,15,1,107,0,24,0,0,0,0,0,0,0,0,0,0,0,0,0,0,0,0,930,930,0,0,0,0,930,433,0,0,0,62,400,35,0,0,0,0,12411,107,0,0,0,0,0,0,81,7,0,0,0,0,0,0,0,0,23,0,23,23,0,0,0,0,0,0,0,0,0,0,51,0,23,23,0,0,0,0,28,0,28,27,1,0,0,2107,177,0,0,0,1667,167,61,6,0,8,0,0,30,17,0,39,0,0,0,39,0,0,0,0,0,0,0,0,423,22,20,0,283,0,0,0,98,0,0,977,147,0,0,41,192,0,0,0,0,0,0,0,366,1,142,0,0,1,60,0,27,0,0,0,0,162,162,6,3,153,0,0,0,0,0,0,0,0,101,101,0,0,0,0,0,0,101,0,0,526,25,0,0,154,32,37,0,0,0,0,37,60,1,59,0,0,0,0,0,0,0,0,0,0,0,0,0,0,25,1,0,24,0,0,0,0,0,0,0,0,0,48,0,0,48,0,0,0,0,48,0,0,0,0,45,0,0,0,0,0,0,45,0,0,0,45,0,164,0,164,78,3,57,1,25,0,0,0,0,90,90,0,0,0,90,0,0,0,9590,22,0,0,8208,1,7971,3,7016,952,0,0,0,236,3,0,233,0,0,0,0,0,0,0,0,0,0,0,0,0,0,0,0,96,96,34,62,0,0,827,827,530,297,0,0,0,0,0,0,0,0,0,0,267,267,0,0,267,170,0,30,0,0,30,140,40,0,0,0,2,0,0,98,0,0,0,0,0,0,0,0,0,0,0,0,0,0,0,0,0,0,0,0,0,0,0,0,0,0,0,0,0,0,0,0,0,0,0,0,15,0,0,0,0,0,0,0,15,15,0,0,0,0,0,0,0,0,0,0,0,0,0,0,0,0,0,0,0,0,0,0,0,0,0,0,0,0,0,0,0,0,0,0,0,0,0,0,0,0,0,0,0,0,276,0,276,0,0,0,0,276,0,0,15,47,214,0,0,0,0,0,7,7,0,0,0,0,0,0,0,0,0,0,0,0,0,0,0,0,0,0,0,0,0,0,0,0,0,0,0
7878_EUS,MID-50,10457,6,10451,613,106,106,0,0,0,0,0,0,0,0,0,0,0,0,0,0,469,469,0,0,0,0,0,0,0,0,0,0,0,0,0,0,0,0,0,468,0,468,44,0,0,0,0,0,0,0,48,8,0,0,0,0,20,0,0,0,0,0,20,0,0,0,0,0,0,0,0,0,0,0,0,0,20,0,0,20,0,0,0,0,0,0,0,0,0,0,0,0,0,0,0,0,0,0,0,0,0,0,0,0,0,0,0,0,0,96,96,1,95,140,0,0,0,0,0,140,0,0,0,0,140,90,0,0,0,0,0,0,0,0,0,0,90,0,90,50,50,0,0,50,0,0,0,0,0,1,1,1,1,0,1,0,0,0,594,0,559,9,354,19,0,0,0,252,252,0,0,0,0,0,0,0,0,0,0,0,0,0,0,3,3,0,0,0,80,0,80,196,2,194,0,0,131,63,0,0,0,0,0,0,0,0,0,0,0,0,0,0,0,0,0,0,0,0,0,0,0,35,0,35,0,0,0,0,0,0,0,0,0,0,0,0,0,0,0,0,0,0,0,0,0,0,0,0,0,0,0,0,0,0,0,0,0,0,0,0,0,0,19,0,0,0,0,0,19,0,0,0,0,16,0,0,0,16,0,16,0,0,20,20,0,0,0,0,0,1132,169,0,0,0,0,0,0,0,0,0,0,0,0,0,0,0,0,0,0,340,340,27,8,8,0,11,9,0,0,0,0,0,0,0,2,36,29,0,0,7,0,0,0,0,0,0,0,0,0,258,0,0,0,0,0,0,258,623,623,0,0,0,0,623,338,0,0,0,36,221,10,0,18,0,0,6758,112,0,0,0,0,0,0,32,19,0,0,0,0,0,0,0,0,13,0,0,0,13,8,5,0,0,0,0,0,0,0,0,0,0,0,0,0,0,0,0,0,0,0,0,0,0,1308,285,0,0,0,785,369,13,1,0,0,0,0,12,0,0,58,0,0,0,58,0,0,0,0,0,0,0,0,44,3,0,3,0,0,0,0,38,0,0,301,94,0,0,0,36,0,0,0,0,0,0,0,108,4,45,0,0,0,0,0,14,0,0,0,0,166,166,2,28,104,32,0,0,0,0,0,0,0,72,72,0,0,0,0,0,0,72,0,0,930,24,0,0,299,108,81,11,0,0,70,0,16,0,16,6,6,0,0,0,65,65,0,0,0,0,0,0,0,0,0,0,0,0,0,5,5,0,0,18,0,18,100,0,0,100,5,0,0,66,29,0,0,0,0,23,0,23,0,0,0,23,0,0,0,0,0,0,85,0,41,33,0,7,0,1,0,44,2,42,399,399,329,12,0,58,0,0,0,4376,14,0,0,3904,1,3783,1,3502,280,0,0,0,120,0,0,120,0,0,0,0,0,0,0,0,0,0,0,0,0,0,0,0,25,25,14,11,0,0,292,292,175,110,0,0,0,5,0,0,0,0,2,0,23,23,14,0,9,118,0,25,0,0,25,93,18,17,0,7,0,0,4,47,0,0,0,0,0,0,0,0,0,0,0,0,0,0,0,0,0,0,0,0,0,0,0,0,0,0,0,0,0,0,0,0,0,0,0,0,0,0,0,0,0,0,0,0,0,0,0,0,0,0,0,0,0,0,0,0,0,0,0,0,0,0,0,0,0,0,1,0,0,0,0,0,0,0,0,1,1,1,0,0,1,0,0,0,0,0,0,0,0,0,758,18,758,0,0,0,0,740,4,0,29,36,671,0,0,0,0,0,0,0,0,0,0,0,0,0,0,0,0,0,0,0,0,0,0,0,0,0,0,0,0,0,0,0,0,0,0
7878_EMS,MID-49,10178,875,9303,1186,63,63,0,0,0,0,0,0,0,0,0,0,0,0,0,0,777,777,0,0,0,0,0,0,0,0,0,0,38,38,38,38,38,0,0,739,0,739,80,0,0,0,0,0,0,0,168,36,11,3,0,8,42,0,0,42,0,0,0,0,0,0,0,0,0,0,0,0,0,0,0,0,33,32,0,1,0,0,0,0,0,0,0,0,0,0,0,0,46,46,0,0,0,0,0,0,0,0,12,12,3,9,0,0,0,12,12,1,11,336,0,67,0,9,58,269,21,0,0,4,244,131,2,0,0,0,0,0,0,0,0,0,129,0,129,0,0,0,0,0,0,0,0,0,0,0,0,0,0,0,0,0,0,0,760,3,555,0,296,0,0,0,0,154,154,0,52,0,0,52,0,0,84,0,84,0,0,0,0,0,0,0,0,0,6,0,6,259,30,145,0,0,145,0,0,0,0,0,0,84,1,0,11,0,1,0,71,0,0,0,30,30,30,16,0,14,0,172,0,172,0,0,0,0,0,0,0,0,0,0,41,41,0,0,0,0,0,0,0,86,61,3,0,0,1,21,0,0,0,0,0,0,0,0,0,0,0,0,45,0,0,0,0,0,45,0,0,0,0,0,0,0,0,0,0,0,0,0,1,1,0,0,0,0,0,471,132,30,30,0,0,0,0,0,0,0,30,0,0,0,0,0,30,0,0,115,115,6,8,8,0,33,33,0,0,0,0,0,0,0,0,2,0,0,0,0,1,0,0,0,1,0,0,0,0,66,0,0,36,0,30,0,0,194,194,0,0,0,0,194,42,0,0,0,89,48,15,0,0,0,0,5621,116,0,0,0,0,0,0,128,26,0,0,0,0,0,0,0,0,0,0,0,0,0,0,0,0,0,0,0,0,0,0,102,29,0,0,0,0,0,0,73,6,67,62,5,0,0,824,20,0,0,0,782,39,1,1,0,0,0,0,0,0,0,90,0,35,0,0,0,55,0,0,0,0,0,0,87,6,1,0,39,0,0,0,41,0,0,565,57,0,0,0,185,0,0,0,0,0,0,0,218,0,19,0,1,0,38,0,47,0,0,0,0,15,15,0,15,0,0,0,0,0,0,0,0,0,7,7,0,0,0,0,0,0,7,0,0,607,18,0,0,279,160,55,55,0,0,0,0,4,1,3,4,4,0,0,0,43,43,0,0,0,0,0,0,0,0,0,0,0,0,0,13,13,0,0,0,0,0,0,0,0,0,0,0,0,0,0,0,0,0,0,143,0,143,0,0,0,143,0,0,0,0,0,0,115,9,106,91,0,15,0,0,0,0,0,0,52,52,1,0,0,51,0,0,0,3946,41,0,0,3042,1,2824,1,2318,505,0,0,0,217,71,0,143,3,0,0,0,0,0,0,0,0,0,0,0,0,0,0,0,0,0,0,0,0,0,421,421,218,203,0,0,0,0,0,0,0,0,0,0,46,46,0,0,46,396,0,278,0,0,278,118,80,0,0,0,5,0,0,33,0,0,0,0,0,0,0,0,0,0,0,0,0,0,0,0,0,0,0,0,0,0,0,0,0,0,0,0,0,0,0,0,0,0,0,0,35,0,25,25,10,10,0,0,0,0,0,0,0,0,0,0,0,0,0,0,0,0,0,0,0,0,0,0,0,0,12,0,0,0,0,0,0,0,0,12,12,12,0,10,2,0,0,0,0,0,0,0,0,0,377,1,377,0,0,0,0,376,10,0,8,21,337,0,0,0,0,0,0,0,0,0,0,0,0,0,0,0,0,0,0,0,0,0,0,0,0,0,0,0,0,0,0,0,0,0,0
7916_ELS,MID-52,13864,13,13851,1714,330,330,0,0,0,0,0,0,0,0,0,0,0,0,0,0,1223,1223,0,0,0,0,0,0,0,0,0,0,0,0,0,0,0,0,0,1223,0,1223,262,0,0,0,0,0,0,0,328,292,0,0,0,0,10,0,10,0,0,0,0,26,14,0,12,0,0,0,0,0,0,0,0,0,0,0,0,0,0,0,0,0,0,0,0,0,0,0,0,0,0,0,0,0,0,0,0,0,0,0,91,91,1,90,0,0,0,57,57,0,57,340,0,0,0,0,0,340,0,0,0,0,340,145,4,0,0,0,0,0,0,0,0,0,141,0,141,0,0,0,0,0,0,0,0,0,0,0,0,0,0,0,0,0,0,0,701,26,583,0,405,0,34,34,0,184,184,0,0,0,0,0,0,0,187,0,0,0,73,114,0,0,0,0,0,0,0,0,0,178,0,154,0,0,154,0,2,0,0,2,0,22,0,0,22,0,0,0,0,0,0,0,0,0,0,0,0,0,0,92,6,86,0,0,0,0,0,0,0,0,0,0,0,0,0,0,0,0,0,0,0,0,0,0,0,0,0,0,0,0,0,0,0,0,0,0,0,0,0,0,0,0,0,0,0,0,0,0,0,0,0,0,0,0,0,0,0,0,86,86,0,0,0,0,0,0,0,1427,392,0,0,0,0,0,0,0,0,0,0,0,0,0,0,0,0,0,0,648,648,197,89,89,0,102,102,0,0,0,0,0,0,0,0,260,26,92,76,0,0,0,0,0,0,0,0,66,0,0,0,0,0,0,0,0,0,387,387,0,0,0,0,387,47,0,0,0,119,33,85,0,0,0,103,8060,132,1,0,1,1,0,1,231,152,0,0,0,0,0,0,0,0,0,0,0,0,0,0,0,0,0,0,0,0,0,0,79,0,0,0,0,0,0,0,79,0,79,77,2,0,0,2488,666,0,0,0,1741,660,0,0,0,0,0,0,0,0,0,270,15,118,0,137,0,0,0,0,0,0,0,0,205,144,0,0,61,0,0,0,0,0,0,606,46,0,0,0,219,0,0,0,0,0,0,0,103,0,0,0,46,0,118,74,0,0,0,0,0,81,81,0,81,0,0,0,0,0,0,0,0,0,0,0,0,0,0,0,0,0,0,0,0,773,116,0,0,203,148,55,9,0,0,46,0,0,0,0,0,0,0,0,0,0,0,0,0,0,0,0,0,0,0,0,0,0,0,0,0,0,0,0,0,0,0,0,0,0,0,0,0,0,0,0,0,0,0,0,0,0,0,0,0,0,0,0,0,0,0,0,0,184,0,184,13,0,58,0,0,113,0,0,0,270,270,150,0,0,0,0,120,0,4435,98,0,0,1186,2,993,0,941,52,0,0,0,191,1,23,167,0,0,0,0,0,0,0,63,0,0,0,0,0,63,0,63,99,99,1,98,0,0,2089,2089,981,1058,0,0,0,0,0,0,0,0,50,0,900,900,0,0,900,0,0,0,0,0,0,0,0,0,0,0,0,0,0,0,0,0,0,0,0,0,0,0,0,0,0,0,0,0,0,0,0,0,0,0,0,0,0,0,0,0,0,0,0,0,0,33,33,33,33,33,211,0,85,85,94,94,0,0,0,0,32,32,32,0,32,0,0,0,0,0,0,0,0,0,0,0,0,0,0,0,1,0,0,0,0,0,0,0,0,0,0,0,0,0,0,0,1,1,0,0,0,0,0,0,142,0,142,0,0,0,0,142,0,0,0,0,142,0,0,0,0,0,0,0,0,0,0,0,0,0,0,9,2,0,0,0,0,0,0,0,0,0,0,2,0,0,0,0,0,0,0
7916_CS,MID-51,12224,773,11451,1427,0,0,0,0,0,0,0,0,0,0,0,0,0,0,0,0,1646,1646,0,0,0,0,0,0,0,0,0,0,51,51,51,51,51,0,0,1595,1,1594,238,0,0,0,0,0,0,0,525,346,0,0,0,0,80,0,80,0,0,0,0,24,12,0,12,0,0,0,0,0,0,0,0,0,75,75,0,0,0,0,0,0,0,0,0,0,0,0,0,0,0,0,73,0,38,0,38,35,0,35,0,0,0,0,0,0,0,0,0,0,0,486,0,0,0,0,0,486,0,0,0,0,486,261,3,0,0,0,0,0,0,0,58,58,200,1,199,11,11,9,0,0,2,0,0,0,0,0,0,0,0,0,0,0,0,0,941,2,868,0,292,0,0,0,0,162,162,0,130,0,41,0,89,0,0,0,0,0,0,0,0,0,0,0,0,0,0,0,0,576,249,150,0,0,150,0,0,0,0,0,0,177,101,0,76,0,0,0,0,0,0,0,0,0,0,0,0,0,0,71,0,71,64,0,0,0,0,0,0,0,0,0,0,0,0,0,0,0,0,0,0,0,0,0,0,0,0,0,0,0,0,0,0,0,0,0,7,7,0,0,0,0,0,0,0,0,0,0,0,0,0,0,0,0,0,0,0,0,0,0,0,0,0,0,0,0,0,580,19,109,109,0,109,2,107,0,0,0,0,0,0,0,0,0,0,0,0,298,298,8,0,0,0,1,1,0,0,0,0,0,0,0,0,59,33,26,0,0,0,0,0,0,0,0,0,0,0,230,0,0,34,196,0,0,0,154,154,66,0,0,0,88,30,0,0,0,55,3,0,0,0,0,0,6788,130,0,0,0,0,0,0,113,47,0,0,0,0,0,0,0,0,0,0,0,0,0,0,0,0,0,0,0,0,0,0,66,0,66,66,0,0,0,0,0,0,0,0,0,0,0,2633,305,0,0,0,1777,385,30,4,0,0,3,23,0,0,0,57,0,0,0,57,0,0,0,0,0,0,0,0,87,5,82,0,0,0,0,0,0,0,0,1218,417,0,0,0,0,32,0,0,0,1,0,0,650,0,1,0,1,17,0,0,99,326,326,326,0,0,0,0,0,0,0,1,1,1,0,0,0,0,224,224,0,0,0,106,0,0,0,0,118,1013,3,0,0,99,15,47,47,0,0,0,0,0,0,0,0,0,0,0,0,1,0,0,0,1,0,0,0,0,33,2,0,31,0,0,1,1,0,0,2,0,2,0,0,0,0,0,0,0,0,0,0,0,0,0,204,0,130,0,0,0,130,74,1,0,0,73,0,165,0,165,37,0,59,0,0,69,0,0,0,542,542,72,0,0,470,0,0,0,2899,817,0,0,323,0,263,30,233,0,0,0,0,60,0,0,60,0,0,0,0,0,0,0,77,1,74,74,0,0,2,2,0,0,0,0,0,0,0,1569,1569,819,740,0,0,0,0,0,0,9,0,1,0,0,0,0,0,0,113,0,33,0,0,33,80,0,0,0,0,0,0,0,80,0,0,0,0,0,0,0,0,0,0,0,0,0,0,0,0,0,0,0,0,0,0,0,0,0,0,0,0,0,0,0,0,0,0,0,0,0,0,0,0,0,0,0,0,0,0,0,0,0,0,0,0,0,0,0,0,0,0,0,0,0,0,0,0,0,0,0,0,0,0,0,0,0,0,0,0,0,0,0,0,0,0,0,0,0,0,0,0,0,0,47,0,47,0,0,0,0,47,0,0,0,0,47,0,0,0,0,0,0,0,0,0,0,0,0,0,0,22,0,0,0,0,0,0,0,18,18,18,18,0,0,0,0,0,0,0,0
7916_EMS,MID-53,12971,9,12962,1157,85,85,40,40,40,0,40,0,0,40,0,0,0,0,0,0,1978,1978,11,0,0,0,0,0,0,0,0,0,72,72,72,72,72,0,0,1895,0,1895,369,2,2,0,0,0,0,0,470,269,0,0,0,0,116,1,76,0,0,39,0,14,7,0,7,0,0,0,0,0,0,0,0,0,71,19,34,18,0,0,0,0,0,0,0,0,0,0,0,0,0,0,0,0,0,0,0,0,0,0,0,0,0,0,0,0,0,37,37,1,36,549,0,0,0,0,0,549,0,0,0,0,549,468,6,0,0,0,0,0,0,0,0,0,462,11,451,0,0,0,0,0,0,0,0,0,0,0,0,0,0,0,0,0,0,0,3558,43,1065,2,726,0,0,0,0,144,144,0,247,0,0,69,178,0,98,0,0,0,0,98,0,0,0,0,0,0,237,0,237,337,32,3,0,0,3,0,0,0,0,0,0,302,182,0,3,0,0,0,117,0,0,0,109,109,109,20,0,22,67,2341,49,2292,1911,0,0,0,0,0,0,0,0,0,0,0,0,0,0,0,0,0,0,98,97,0,0,0,0,1,0,0,0,0,0,0,0,0,259,258,0,1,0,0,0,0,0,0,0,0,0,0,0,24,0,24,24,0,0,0,0,0,0,0,0,0,0,0,0,885,100,184,184,0,0,0,0,0,85,85,99,30,17,52,0,0,0,0,0,286,286,14,0,0,0,71,33,38,0,0,0,0,0,0,0,128,6,0,0,0,0,0,0,65,0,0,0,0,57,73,0,0,0,45,0,0,28,315,315,0,0,0,0,315,125,0,0,4,94,20,13,0,0,0,59,4710,4,0,0,0,0,0,0,80,17,47,1,46,9,37,0,0,0,0,0,0,0,0,0,0,0,0,0,0,0,0,0,16,16,0,0,0,0,0,0,0,0,0,0,0,0,0,1224,256,0,0,0,893,207,0,0,0,0,0,0,0,0,0,81,1,0,0,80,0,0,0,0,0,0,0,0,280,61,0,41,0,0,0,0,178,0,0,325,7,0,0,0,0,0,0,0,0,1,0,0,107,0,0,0,0,0,72,0,138,28,28,28,0,0,0,0,0,0,0,0,0,0,0,0,0,0,47,47,4,0,0,0,0,0,43,0,0,913,88,0,0,193,0,146,22,0,0,124,0,0,0,0,0,0,0,0,0,0,0,0,0,0,0,0,0,0,0,0,0,0,0,0,25,0,25,0,22,0,22,0,0,0,0,0,0,0,0,0,0,0,0,0,180,0,0,0,0,0,0,180,180,0,0,0,0,293,15,278,148,0,58,0,50,22,0,0,0,159,159,2,0,0,157,0,0,0,2489,505,0,0,742,0,416,6,410,0,0,0,0,326,32,0,294,0,0,0,0,0,0,0,49,0,0,0,49,49,0,0,0,28,28,1,27,0,0,727,727,394,329,0,0,0,0,0,0,0,4,0,0,91,91,0,0,91,347,0,0,0,0,0,347,27,0,0,0,0,0,0,320,0,0,0,0,0,0,0,0,0,0,0,0,0,0,0,0,0,0,0,0,0,0,0,0,0,0,0,0,0,0,0,0,0,0,0,0,96,0,0,0,96,96,0,0,0,0,0,0,0,0,0,0,0,0,0,0,0,0,0,0,0,0,0,0,0,0,1,0,0,0,0,0,0,0,0,1,1,1,0,0,1,0,0,0,0,0,0,0,0,0,447,0,447,0,0,0,0,447,0,0,0,56,391,0,0,0,0,0,0,0,0,0,0,0,0,0,0,5,0,0,0,0,0,5,5,0,0,0,0,0,0,0,0,0,0,0,0
7916_EUS,MID-54,11272,86,11186,956,40,40,184,184,184,0,115,0,0,115,0,69,0,0,69,0,2009,2009,14,1,0,1,1,1,0,0,0,0,0,0,0,0,0,0,0,1994,0,1994,43,0,0,0,0,0,0,0,392,146,0,0,0,0,0,0,0,0,0,0,0,0,0,0,0,0,0,0,0,0,0,0,0,0,246,147,0,99,0,0,0,0,0,0,0,0,0,0,0,0,0,0,17,0,0,0,0,17,2,15,0,0,0,0,0,0,0,97,97,0,97,159,0,0,0,0,0,159,0,0,0,0,159,1286,4,0,0,0,0,0,0,0,0,0,1282,3,1279,0,0,0,0,0,0,0,0,0,0,0,0,0,0,0,0,0,0,0,1378,0,506,0,308,0,0,0,0,191,191,0,0,0,0,0,0,0,0,0,0,0,0,0,0,0,0,0,0,0,117,2,115,198,0,15,0,0,15,0,0,0,0,0,0,183,22,0,161,0,0,0,0,0,0,0,0,0,0,0,0,0,0,872,0,872,5,0,0,0,82,0,82,0,0,0,228,228,0,0,0,0,0,0,0,0,0,0,0,0,0,0,146,97,47,2,0,0,0,0,0,0,0,0,180,0,0,180,0,0,0,0,0,231,231,0,0,0,0,0,0,0,0,0,0,0,0,0,0,0,0,1392,111,211,211,123,3,3,0,0,0,0,85,0,0,0,85,0,0,0,0,390,390,107,8,6,2,0,0,0,0,0,0,0,0,0,0,221,31,8,182,0,0,0,0,0,0,0,0,0,0,54,0,0,54,0,0,0,0,680,680,0,0,0,0,680,314,0,0,0,197,82,0,0,0,0,87,4883,121,1,1,0,0,0,0,153,13,0,0,0,0,0,7,7,7,4,1,3,3,0,0,0,0,0,0,0,0,0,0,129,2,85,0,85,0,85,0,42,8,34,34,0,0,0,1636,172,0,0,0,1464,230,149,130,19,0,0,0,0,0,0,83,0,0,0,83,0,0,0,0,0,0,0,0,393,3,0,0,124,0,0,0,266,0,0,609,135,2,0,0,0,0,0,0,0,5,0,0,78,90,36,0,0,0,84,0,179,0,0,0,0,0,0,0,0,0,0,0,0,0,0,0,0,0,0,0,0,0,0,0,0,0,0,0,0,761,113,0,0,424,51,194,22,1,0,171,0,54,0,54,0,0,0,0,0,0,0,0,0,0,0,0,0,0,0,0,0,0,0,0,27,0,27,0,98,0,98,0,0,0,0,0,0,0,0,0,0,0,0,0,0,0,0,0,0,0,0,0,0,0,0,0,0,62,9,33,0,0,0,0,0,33,20,20,0,162,162,5,0,0,157,0,0,0,2211,244,0,0,1273,0,1168,0,1164,4,0,0,0,105,55,0,50,0,0,0,0,0,0,0,0,0,0,0,0,0,0,0,0,95,95,16,79,0,0,455,455,224,227,0,0,0,0,0,0,0,0,4,0,12,12,7,1,4,132,0,57,5,1,51,75,0,0,0,0,0,0,0,75,0,0,0,0,0,0,0,0,0,0,0,0,0,0,0,0,0,0,0,0,0,0,0,0,0,0,0,0,0,0,0,0,0,0,0,0,110,0,0,0,55,55,0,0,0,0,0,0,0,0,0,0,0,55,55,0,0,0,0,0,0,0,0,0,0,0,0,0,0,0,0,0,0,0,0,0,0,0,0,0,0,0,0,0,0,0,0,0,0,0,191,14,191,0,0,0,0,177,3,0,31,74,69,0,0,0,0,0,0,0,0,0,0,0,0,0,0,43,0,0,0,0,0,42,42,0,0,0,0,0,0,0,0,0,0,0,0
7921_ELS,MID-56,16662,178,16484,983,7,7,1,1,1,0,0,0,0,0,0,1,0,0,1,0,345,345,34,1,1,0,0,0,0,0,0,0,23,0,0,0,0,23,23,287,1,286,1,0,0,0,0,0,0,0,107,72,0,0,0,0,0,0,0,0,0,0,0,0,0,0,0,0,0,0,0,0,0,0,0,0,35,35,0,0,0,0,0,0,0,0,0,0,0,0,0,0,0,0,0,0,0,0,0,0,0,0,0,0,0,0,0,0,0,0,0,0,0,178,0,0,0,0,0,178,0,0,0,0,178,0,0,0,0,0,0,0,0,0,0,0,0,0,0,0,0,0,0,0,0,0,0,0,0,0,0,0,0,0,0,0,0,0,974,0,732,0,296,0,0,0,0,296,296,0,0,0,0,0,0,0,0,0,0,0,0,0,0,0,0,0,0,0,0,0,0,436,52,383,0,0,383,0,0,0,0,0,0,1,1,0,0,0,0,0,0,0,0,0,0,0,0,0,0,0,0,242,0,242,4,0,0,0,0,0,0,0,0,0,0,0,0,0,0,0,0,0,0,0,0,0,0,0,0,0,238,238,0,0,0,0,0,0,0,0,0,0,0,0,0,0,0,0,0,0,0,0,0,0,0,0,0,0,0,0,0,0,0,0,0,0,0,0,0,798,171,0,0,0,0,0,0,0,0,0,0,0,0,0,0,0,0,0,0,369,369,0,3,3,0,49,27,0,0,0,0,0,0,0,22,264,57,90,0,117,0,0,0,0,0,0,0,0,0,53,53,0,0,0,0,0,0,258,258,0,0,0,0,258,182,0,0,0,0,76,0,0,0,0,0,11416,93,0,0,0,0,0,0,60,60,0,0,0,0,0,0,0,0,0,0,0,0,0,0,0,0,0,0,0,0,0,0,0,0,0,0,0,0,0,0,0,0,0,0,0,0,0,2638,473,0,0,0,2022,638,138,138,0,0,0,0,0,0,0,166,0,0,0,166,0,0,0,0,0,0,0,0,163,10,0,0,0,0,0,0,153,0,0,917,5,0,0,0,583,0,0,0,0,0,0,0,71,0,115,0,0,0,100,0,43,0,0,0,0,0,0,0,0,0,0,143,143,0,0,143,0,0,0,0,0,0,0,0,0,0,0,0,0,594,80,0,0,514,33,289,32,0,0,257,0,0,0,0,0,0,0,0,0,174,75,0,0,0,0,99,0,0,0,0,0,0,0,0,0,0,0,0,18,0,18,0,0,0,0,0,0,0,0,0,0,0,0,0,0,0,0,0,0,0,0,0,0,0,0,0,0,0,0,0,0,0,0,0,0,0,0,0,0,0,0,0,0,0,0,0,0,0,8031,22,0,0,6680,8,6223,2,6221,0,0,0,0,449,39,0,410,0,0,0,0,0,0,0,0,0,0,0,0,0,0,0,0,0,0,0,0,0,0,1008,1008,654,353,0,0,0,0,0,0,0,0,1,0,126,126,75,0,51,192,0,137,0,0,137,55,0,0,0,0,0,55,0,0,0,0,0,0,0,0,0,0,0,0,0,3,0,0,3,0,3,0,0,0,0,0,0,0,0,0,0,0,0,0,0,0,0,0,0,0,61,0,61,61,0,0,0,0,0,0,0,0,0,0,0,0,0,0,0,0,0,0,0,0,0,0,0,0,0,0,25,0,0,0,0,0,0,0,0,25,25,25,0,25,0,0,0,0,0,0,0,0,0,0,1874,0,1874,0,0,0,0,1874,0,0,0,226,1648,0,0,0,0,0,0,0,0,0,0,0,0,0,0,0,0,0,0,0,0,0,0,0,0,0,0,0,0,0,0,0,0,0,0
7921_CS,MID-55,18488,47,18441,601,14,14,0,0,0,0,0,0,0,0,0,0,0,0,0,0,519,519,0,0,0,0,0,0,0,0,0,0,0,0,0,0,0,0,0,519,0,519,0,0,0,0,0,0,0,0,201,46,16,16,0,0,3,0,0,0,0,3,0,0,0,0,0,20,8,12,0,0,0,0,0,0,116,1,0,73,0,42,0,0,0,0,0,0,0,0,0,0,0,0,28,0,28,0,28,0,0,0,0,0,0,0,0,0,0,0,0,0,0,226,0,0,0,0,0,226,0,0,0,0,226,64,0,0,0,0,0,0,0,0,0,0,64,0,64,0,0,0,0,0,0,0,0,0,0,0,0,0,0,0,0,0,0,0,791,4,711,0,632,0,0,0,0,59,59,0,0,0,0,0,0,0,53,0,19,0,34,0,0,0,0,0,0,0,520,1,519,79,9,28,0,0,28,0,0,0,0,0,0,42,0,0,0,18,0,0,24,0,0,0,0,0,0,0,0,0,0,76,7,69,29,0,0,0,0,0,0,0,0,0,0,0,0,0,0,0,0,0,0,0,0,0,0,0,0,0,0,0,0,0,0,0,0,0,9,9,0,0,13,1,0,0,0,0,12,0,0,0,0,18,0,0,0,18,0,18,0,0,34,34,0,0,0,0,0,390,117,26,26,0,26,1,25,0,0,0,0,0,0,0,0,0,0,0,0,122,122,3,1,1,0,26,2,0,0,0,0,0,0,0,24,92,0,21,11,21,0,0,0,0,21,18,0,0,0,0,0,0,0,0,0,0,0,125,125,28,0,0,0,97,55,0,0,0,8,34,0,0,0,0,0,14894,119,16,0,16,16,0,16,99,18,0,0,0,0,0,0,0,0,17,0,17,17,0,0,0,0,0,0,0,0,0,0,64,23,41,0,41,1,40,0,0,0,0,0,0,0,0,2525,138,0,0,0,2340,124,88,55,0,12,0,0,21,0,0,113,0,0,0,113,0,0,79,60,0,0,0,19,186,4,39,38,38,0,0,0,67,0,0,1750,90,0,0,0,933,0,0,0,15,20,0,0,412,0,83,65,2,0,25,0,105,0,0,0,0,0,0,0,0,0,0,14,14,0,0,14,0,0,33,33,0,0,0,0,0,0,0,0,33,411,29,0,0,199,2,54,12,0,0,42,0,0,0,0,0,0,0,0,0,0,0,0,0,0,0,0,0,0,0,0,0,0,0,0,41,0,41,0,102,0,102,59,0,0,59,1,0,0,58,0,0,0,0,0,0,0,0,0,0,0,0,0,0,0,0,0,0,64,0,64,1,0,63,0,0,0,0,0,0,60,60,0,0,0,19,41,0,0,11724,34,0,0,10837,0,9472,4,9468,0,0,0,0,1365,59,0,1306,0,0,0,0,0,0,0,0,0,0,0,0,0,0,0,0,0,0,0,0,0,0,661,661,379,218,0,0,0,0,0,0,14,0,50,0,0,0,0,0,0,192,1,1,1,0,0,190,1,0,0,0,0,97,0,92,0,0,0,0,0,0,0,0,0,0,0,0,0,0,0,0,0,0,0,0,0,0,0,0,0,0,33,33,33,33,33,0,0,0,0,0,1,0,0,0,0,0,0,0,0,0,1,1,1,0,1,0,0,0,0,0,0,0,0,0,0,0,0,0,0,0,0,0,0,0,0,0,0,0,0,0,0,0,0,0,0,0,0,0,0,0,0,0,0,0,1164,30,1164,0,0,0,0,1134,1,0,0,0,1133,0,0,0,0,0,0,0,0,0,0,0,0,0,0,0,0,0,0,0,0,0,0,0,0,0,0,0,0,0,0,0,0,0,0
7921_EMS,MID-57,17651,359,17292,1180,149,149,0,0,0,0,0,0,0,0,0,0,0,0,0,0,1503,1503,14,25,15,10,10,10,0,0,0,0,0,0,0,0,0,0,0,1464,0,1464,162,0,0,0,0,0,0,0,533,190,0,0,0,0,62,0,0,0,62,0,0,5,3,0,2,0,0,0,0,0,0,0,0,0,270,138,88,0,44,0,0,0,0,0,0,0,0,0,6,6,0,0,126,0,126,126,0,0,0,0,0,0,0,0,0,0,0,0,0,0,0,280,0,34,11,23,0,246,52,59,0,0,135,361,2,0,0,0,0,0,0,0,0,0,359,0,359,0,0,0,0,0,0,2,2,2,0,0,0,0,0,0,0,0,0,0,1412,0,1126,1,1046,18,0,0,0,701,701,0,0,0,0,0,0,0,0,0,0,0,0,0,0,15,0,15,0,0,312,14,298,79,0,16,0,0,16,0,0,0,0,0,0,63,0,0,63,0,0,0,0,0,0,0,0,0,0,0,0,0,0,286,0,286,93,0,0,0,0,0,0,0,0,0,0,0,0,0,0,0,0,0,0,0,0,0,0,0,0,0,84,31,0,0,0,0,53,0,4,4,0,0,105,0,0,0,0,0,105,0,0,0,0,0,0,0,0,0,0,0,0,0,64,64,41,41,41,41,41,957,231,41,41,0,0,0,0,0,0,0,41,0,0,41,0,0,0,0,0,189,189,6,3,2,1,39,39,0,0,0,0,0,0,0,0,0,0,0,0,0,0,0,0,0,0,0,0,0,0,141,0,0,0,54,66,0,21,496,496,0,0,0,0,496,215,0,0,0,54,87,0,0,0,0,140,11171,325,0,0,0,0,0,0,409,106,0,0,0,0,0,0,0,0,176,0,176,176,0,0,0,0,0,0,0,0,0,0,127,0,80,0,80,79,0,1,47,24,23,18,5,0,0,2559,535,0,0,0,1965,695,149,49,37,0,0,63,0,0,0,98,0,0,0,98,0,0,27,27,0,0,0,0,503,13,0,249,0,64,0,0,177,0,0,493,17,0,0,0,318,0,0,0,0,0,0,0,85,0,34,0,39,0,0,0,0,0,0,0,0,59,59,11,48,0,0,0,0,0,0,0,0,0,0,0,0,0,0,0,0,0,0,0,0,2338,497,0,0,851,617,39,38,0,0,0,1,0,0,0,0,0,0,4,4,93,93,0,0,0,0,0,0,0,0,0,0,0,29,29,0,0,0,0,69,0,69,117,0,0,117,0,81,0,36,0,0,0,0,0,185,3,48,48,0,0,0,134,90,0,0,44,0,631,46,578,404,0,44,0,130,0,7,7,0,57,57,56,0,0,1,0,0,0,5540,31,0,0,4116,0,3511,0,3508,0,0,0,3,605,45,18,542,0,0,0,0,0,0,0,0,0,0,0,0,0,0,0,0,65,65,65,0,0,0,752,752,505,132,0,0,0,0,0,0,0,0,113,2,324,324,0,0,324,217,0,74,0,0,74,143,0,0,0,0,0,30,0,113,0,0,0,0,0,0,5,5,5,0,0,0,0,0,0,0,0,0,0,0,0,30,0,30,1,29,0,0,0,0,0,67,67,67,67,67,466,0,61,61,0,0,374,374,31,31,0,0,0,0,0,0,0,0,0,0,0,0,0,0,0,0,0,0,0,0,10,0,0,0,2,0,2,2,2,8,8,8,0,0,8,0,0,0,0,0,0,0,0,0,272,27,272,0,0,0,0,245,4,0,14,60,167,0,0,0,0,0,0,0,0,0,0,0,0,0,0,0,0,0,0,0,0,0,0,0,0,0,0,0,0,0,0,0,0,0,0
8043_CS,MID-59,12690,208,12482,792,39,39,49,49,49,0,49,0,0,49,0,0,0,0,0,0,625,625,0,0,0,0,0,0,0,0,0,0,0,0,0,0,0,0,0,625,2,623,108,0,0,0,0,0,0,0,184,108,0,0,0,0,0,0,0,0,0,0,0,3,0,0,3,0,0,0,16,0,16,0,0,0,57,22,0,35,0,0,0,0,0,0,0,0,0,0,0,0,0,0,81,0,81,81,0,0,0,0,0,0,0,0,0,0,0,0,0,0,0,137,0,0,0,0,0,137,37,0,12,0,88,113,2,0,0,0,0,0,0,0,0,0,111,0,111,0,0,0,0,0,0,0,0,0,0,0,0,0,0,0,0,0,0,0,487,1,323,0,239,0,0,0,0,53,53,0,0,0,0,0,0,0,0,0,0,0,0,0,0,0,0,0,0,0,186,0,186,84,0,0,0,0,0,0,0,0,0,0,0,49,3,0,26,0,0,0,20,35,0,35,0,0,0,0,0,0,0,163,0,163,0,11,11,0,0,0,0,0,0,0,73,0,50,0,23,0,0,0,0,20,0,20,0,0,0,0,32,2,0,0,0,0,0,30,0,0,0,0,27,0,0,0,0,0,27,0,0,0,0,0,0,0,0,0,0,0,0,0,127,127,0,0,0,0,0,956,123,48,48,0,20,0,20,0,0,0,28,0,0,0,0,0,0,0,28,253,253,2,56,25,31,42,3,0,0,0,39,0,0,0,0,44,0,14,30,0,0,0,0,0,0,0,0,0,0,109,0,0,0,99,10,0,0,532,532,0,0,0,0,532,344,0,0,0,8,170,6,0,4,0,0,8013,123,0,0,0,0,0,0,73,3,0,0,0,0,0,0,0,0,49,0,49,49,0,0,0,0,0,0,0,0,0,0,21,0,21,21,0,0,0,0,0,0,0,0,0,0,0,1379,117,0,0,0,1120,124,126,52,0,6,0,64,4,0,0,0,0,0,0,0,0,0,12,11,0,0,0,1,46,4,31,0,11,0,0,0,0,0,0,812,91,0,0,0,243,0,0,0,72,0,0,5,195,0,115,0,0,0,0,0,91,110,110,110,0,0,0,0,0,0,0,0,0,0,0,0,0,0,32,32,3,0,6,0,0,0,23,0,0,672,16,31,31,194,1,74,27,0,0,31,16,37,0,37,0,0,0,0,0,13,13,0,0,0,0,0,0,0,0,0,0,0,0,0,0,0,0,0,69,0,69,152,0,0,152,1,37,32,77,5,0,0,0,0,0,0,0,0,0,0,0,0,0,0,0,0,0,117,0,117,69,0,48,0,0,0,0,0,0,162,162,2,0,0,160,0,0,0,5766,97,0,0,4933,1,4556,16,4481,29,0,30,0,376,13,0,363,0,0,0,0,0,0,0,0,0,0,0,0,0,0,0,0,0,0,0,0,0,0,655,655,477,154,0,0,0,0,0,0,0,0,24,0,9,9,0,0,9,72,0,46,0,0,46,26,18,0,2,0,5,0,0,1,0,0,0,0,0,0,0,0,0,0,0,0,0,0,0,0,0,0,0,0,0,0,0,0,0,0,0,0,0,0,0,0,0,0,0,0,44,0,0,0,0,0,0,0,0,0,44,44,44,0,44,0,0,0,0,0,0,0,0,0,0,0,0,0,0,0,4,0,0,0,0,0,0,0,0,4,4,4,0,4,0,0,0,0,0,0,0,0,0,0,1346,1,1346,0,0,0,0,1345,0,0,0,75,1270,0,0,0,0,0,0,0,0,0,0,0,0,0,0,0,0,0,0,0,0,0,0,0,0,0,0,0,0,0,0,0,0,0,0
7921_EUS,MID-58,12467,214,12253,714,43,43,84,84,84,0,84,0,0,84,0,0,0,0,0,0,348,348,0,0,0,0,0,0,0,0,0,0,0,0,0,0,0,0,0,348,0,348,21,0,0,0,0,0,0,0,50,5,0,0,0,0,0,0,0,0,0,0,0,0,0,0,0,0,0,0,0,0,0,0,0,0,20,20,0,0,0,0,0,0,0,0,0,0,25,25,0,0,0,0,15,0,15,0,15,0,0,0,0,0,0,0,0,0,0,11,11,0,11,218,0,1,1,0,0,217,0,0,0,0,217,33,0,0,0,0,0,0,0,0,33,33,0,0,0,0,0,0,0,0,0,0,0,0,0,0,0,0,0,0,0,0,0,0,605,0,480,0,400,0,0,0,0,350,350,0,0,0,0,0,0,0,0,0,0,0,0,0,0,50,0,50,0,0,0,0,0,80,6,40,0,0,24,16,0,0,0,0,0,34,6,0,21,0,7,0,0,0,0,0,0,0,0,0,0,0,0,125,0,125,1,0,0,0,0,0,0,0,0,0,0,0,0,0,0,0,0,0,0,0,0,0,0,0,0,0,0,0,0,0,0,0,0,0,0,0,0,0,124,18,0,0,0,17,28,0,61,0,0,0,0,0,0,0,0,0,0,0,33,33,0,0,0,0,0,2110,13,1047,1047,0,869,16,853,0,81,81,97,38,0,26,0,0,0,33,0,154,154,41,51,34,17,0,0,0,0,0,0,0,0,0,0,33,0,0,4,0,0,0,0,29,0,0,0,0,0,29,0,0,29,0,0,0,0,896,896,0,0,0,0,896,340,0,0,0,68,488,0,0,0,0,0,6489,84,101,0,101,101,0,101,39,13,0,0,0,0,0,0,0,0,0,0,0,0,0,0,0,0,0,0,0,0,0,0,26,0,0,0,0,0,0,0,26,0,26,26,0,0,0,1400,41,0,0,0,1248,28,23,1,17,0,0,0,5,0,0,62,0,0,0,62,0,0,0,0,0,0,0,0,130,3,0,33,0,0,0,0,91,3,0,1005,45,0,0,0,310,0,0,0,30,0,0,51,517,0,23,0,0,0,13,0,16,16,16,16,0,38,38,0,38,0,0,50,50,0,0,50,0,0,7,7,0,0,7,0,0,0,0,0,0,725,3,0,0,260,1,57,9,0,0,48,0,0,0,0,116,0,116,0,0,0,0,0,0,0,0,0,0,0,0,0,0,0,0,0,72,0,27,45,14,0,14,39,0,0,39,0,34,0,5,0,0,0,0,0,195,0,120,0,0,0,120,75,0,0,0,75,0,122,0,122,54,0,33,0,0,35,0,0,0,106,106,17,0,12,77,0,0,0,4140,53,0,0,2750,0,1915,1,1914,0,0,0,0,835,39,0,796,0,0,0,0,0,0,0,0,0,0,0,0,0,0,0,0,0,0,0,0,0,0,1222,1222,539,103,0,0,0,0,0,0,0,0,580,0,0,0,0,0,0,115,0,0,0,0,0,115,61,0,3,0,0,51,0,0,0,0,0,0,0,0,0,0,0,0,0,0,0,0,0,0,0,0,0,0,0,0,0,0,0,0,0,0,0,0,0,0,0,0,0,0,3,0,0,0,3,3,0,0,0,0,0,0,0,0,0,0,0,0,0,0,0,0,0,0,0,0,0,0,0,0,0,0,0,0,0,0,0,0,0,0,0,0,0,0,0,0,0,0,5,5,5,5,5,0,1817,12,1817,0,0,0,0,1805,3,0,0,75,1727,0,0,0,0,0,0,0,0,0,2,2,2,2,2,0,0,0,0,0,0,0,0,0,0,0,0,0,0,0,0,0,0,0,0
8043_ELS,MID-60,13008,471,12537,258,12,12,20,20,20,0,20,0,0,20,0,0,0,0,0,0,221,221,3,0,0,0,0,0,0,0,0,0,12,12,12,12,12,0,0,201,0,201,36,0,0,0,0,0,0,0,53,23,0,0,0,0,0,0,0,0,0,0,0,3,1,0,2,0,0,0,6,1,5,7,7,0,14,7,0,7,0,0,0,0,0,0,0,0,0,0,0,0,0,0,6,0,6,0,6,0,0,0,12,12,0,12,0,0,0,24,24,0,24,57,0,0,0,0,0,57,0,0,0,0,57,13,0,0,0,0,0,0,0,0,0,0,13,1,12,0,0,0,0,0,0,0,0,0,0,5,5,5,5,1,4,0,0,0,357,0,315,0,252,1,0,0,0,84,84,0,68,0,0,0,68,0,15,11,4,0,0,0,0,70,0,27,19,24,14,0,14,63,23,1,0,0,1,0,1,0,1,0,0,38,18,0,8,0,12,0,0,0,0,0,0,0,0,0,0,0,0,42,17,25,8,0,0,0,0,0,0,0,0,0,0,0,0,0,0,0,0,0,0,3,0,0,0,3,0,0,0,0,0,0,0,0,0,0,0,0,0,0,14,0,8,0,0,0,6,0,0,0,0,0,0,0,0,0,0,0,0,0,28,28,0,0,0,0,0,228,10,16,16,0,0,0,0,0,0,0,16,0,0,0,0,0,0,16,0,35,35,13,11,7,4,0,0,0,0,0,0,0,0,0,0,0,0,0,0,0,0,0,0,0,0,0,0,0,0,11,0,0,1,10,0,0,0,167,167,0,0,0,0,167,102,0,0,0,1,48,16,0,0,0,0,11284,30,0,0,0,0,0,0,11,0,0,0,0,0,0,0,0,0,0,0,0,0,0,0,0,0,0,0,0,0,0,0,11,0,11,11,0,0,0,0,0,0,0,0,0,0,0,1244,71,0,0,0,1014,90,24,14,0,2,0,0,8,0,0,0,0,0,0,0,0,0,0,0,0,0,0,0,0,0,0,0,0,0,0,0,0,0,0,900,32,0,0,0,705,0,0,0,14,5,0,0,111,0,8,0,0,0,0,13,12,134,134,134,0,10,10,0,0,0,10,0,0,0,0,0,0,0,15,15,0,0,0,0,15,0,0,0,0,179,19,0,0,44,3,7,7,0,0,0,0,0,0,0,0,0,0,0,0,19,19,0,0,0,0,0,0,0,0,0,0,0,0,0,0,0,0,0,15,0,15,19,0,0,19,0,0,0,0,19,0,0,0,0,18,0,18,0,0,0,18,0,0,0,0,0,0,35,0,35,9,0,10,0,0,16,0,0,0,44,44,0,0,0,44,0,0,0,9820,87,0,0,9431,7,4871,7,4835,29,0,0,0,4553,227,0,4326,0,54,0,49,49,5,5,15,0,0,0,15,15,0,0,0,0,0,0,0,0,0,160,160,71,89,0,0,0,0,0,0,0,0,0,0,0,0,0,0,0,73,0,5,0,0,5,68,47,0,1,0,0,0,0,7,13,0,0,0,0,0,0,0,0,0,0,0,0,0,0,0,0,0,0,0,0,0,0,0,0,0,0,0,0,0,0,0,0,0,0,0,3,0,0,0,2,2,0,0,0,0,1,1,1,0,1,0,0,0,0,0,0,0,0,0,0,0,0,0,0,0,0,0,0,0,0,0,0,0,0,0,0,0,0,0,0,0,0,0,0,0,0,0,0,0,126,0,126,0,0,0,0,126,1,0,2,2,121,0,0,0,0,0,0,0,0,0,0,0,0,0,0,0,0,0,0,0,0,0,0,0,0,0,0,0,0,0,0,0,0,0,0
8043_EUS,MID-62,23788,1556,22232,3641,49,49,1,1,1,0,0,0,0,0,0,1,0,0,1,0,558,558,0,0,0,0,0,0,0,0,0,0,0,0,0,0,0,0,0,558,0,558,90,0,0,0,0,0,0,0,94,14,0,0,0,0,0,0,0,0,0,0,0,2,0,0,2,0,0,0,0,0,0,0,0,0,78,63,0,2,13,0,0,0,0,0,0,0,0,0,0,0,0,0,0,0,0,0,0,0,0,0,0,0,0,0,0,0,0,160,160,0,160,141,0,0,0,0,0,141,0,31,0,0,110,73,4,15,0,0,0,15,0,0,0,0,54,0,54,0,0,0,0,0,0,0,0,0,0,0,0,0,0,0,0,0,0,0,492,12,328,1,256,5,0,0,0,0,0,0,0,0,0,0,0,0,29,0,0,0,0,0,29,0,0,0,0,0,222,6,216,71,15,21,0,0,21,0,30,0,0,30,0,5,0,0,0,5,0,0,0,0,0,0,0,0,0,0,0,0,0,152,0,152,27,0,0,0,0,0,0,0,0,0,41,41,0,0,0,0,0,0,0,0,0,0,0,0,0,0,23,23,0,0,0,0,0,0,0,0,0,0,41,2,0,0,25,0,14,0,0,0,0,20,0,0,0,20,20,0,0,0,24,24,0,0,0,0,0,1705,144,26,26,0,26,0,26,0,0,0,0,0,0,0,0,0,0,0,0,136,136,7,0,0,0,58,39,0,0,0,0,19,0,0,0,38,0,0,4,34,0,0,0,0,0,0,0,0,0,33,1,9,9,0,14,0,0,1399,1399,0,0,0,0,1399,708,0,0,0,113,578,0,0,0,0,0,14972,239,0,0,0,0,0,0,14,9,0,0,0,0,0,0,0,0,0,0,0,0,0,0,0,0,0,0,0,0,0,0,5,5,0,0,0,0,0,0,0,0,0,0,0,0,0,2828,46,0,0,0,2672,35,58,55,0,0,0,0,3,0,0,116,0,1,0,115,0,0,0,0,0,0,0,0,313,96,96,0,23,8,0,3,87,0,0,2150,443,0,26,32,400,16,0,0,35,0,0,0,957,0,173,0,34,0,0,26,8,0,0,0,0,75,75,0,0,75,0,0,0,0,0,0,0,0,35,35,0,34,0,0,0,0,1,0,0,893,40,0,0,268,55,107,44,0,0,4,59,30,4,26,0,0,0,0,0,37,36,1,0,0,0,0,0,0,0,0,0,0,0,0,0,0,0,0,39,0,39,56,0,0,56,0,0,0,24,32,0,0,0,0,1,0,1,0,0,0,1,0,0,0,0,0,0,496,1,495,186,26,172,47,19,45,0,0,0,32,32,0,7,0,25,0,0,0,10998,20,0,0,10458,3,9340,1,8963,376,0,0,0,1115,27,1,1087,0,0,0,0,0,0,0,6,0,0,0,6,6,0,0,0,13,13,4,9,0,0,188,188,111,76,0,0,0,0,0,0,0,0,1,0,2,2,0,0,2,311,0,35,0,0,35,276,16,0,0,0,0,0,78,102,80,0,0,0,0,0,0,0,0,0,0,0,0,0,0,0,0,0,0,0,0,0,0,0,0,0,0,0,0,0,0,0,0,0,0,0,44,0,0,0,33,33,11,11,0,0,0,0,0,0,0,0,0,0,0,0,0,0,0,0,0,0,0,0,0,0,3,0,0,0,0,0,0,0,0,2,2,2,0,2,0,0,1,1,0,0,0,0,0,0,733,1,733,0,0,0,0,732,1,0,0,23,708,0,0,0,0,0,0,0,0,0,0,0,0,0,0,10,0,10,10,10,10,0,0,0,0,0,0,0,0,0,0,0,0,0,0
8043_EMS,MID-61,12664,67,12597,695,29,29,0,0,0,0,0,0,0,0,0,0,0,0,0,0,152,152,6,1,1,0,0,0,0,0,0,0,0,0,0,0,0,0,0,145,0,145,10,0,0,0,0,0,0,0,14,0,0,0,0,0,14,0,0,14,0,0,0,0,0,0,0,0,0,0,0,0,0,0,0,0,0,0,0,0,0,0,0,0,0,0,0,0,0,0,0,0,0,0,0,0,0,0,0,0,0,0,0,0,0,0,0,0,0,1,1,0,1,84,0,12,2,10,0,72,0,13,0,0,59,36,2,19,14,5,0,0,0,0,0,0,15,0,15,0,0,0,0,0,0,0,0,0,0,0,0,0,0,0,0,0,0,0,45,0,17,0,5,0,0,0,0,5,5,0,0,0,0,0,0,0,0,0,0,0,0,0,0,0,0,0,0,0,0,0,0,12,0,7,0,7,0,0,0,0,0,0,0,5,0,0,0,5,0,0,0,0,0,0,0,0,0,0,0,0,0,28,0,28,20,0,0,0,0,0,0,0,0,0,0,0,0,0,0,0,0,0,0,0,0,0,0,0,0,0,1,0,0,0,0,1,0,0,0,0,0,0,7,0,0,0,7,0,0,0,0,0,0,0,0,0,0,0,0,0,0,0,0,0,0,0,0,0,0,409,35,6,6,0,0,0,0,0,6,6,0,0,0,0,0,0,0,0,0,29,29,2,0,0,0,0,0,0,0,0,0,0,0,0,0,27,0,0,7,0,0,0,6,0,0,0,0,14,0,0,0,0,0,0,0,0,0,339,339,0,0,0,0,339,196,0,0,0,21,122,0,0,0,0,0,11229,30,0,0,0,0,0,0,6,6,0,0,0,0,0,0,0,0,0,0,0,0,0,0,0,0,0,0,0,0,0,0,0,0,0,0,0,0,0,0,0,0,0,0,0,0,0,1147,44,0,0,0,1040,48,61,24,0,0,0,21,7,9,0,11,0,0,0,11,0,0,1,0,0,0,0,1,65,0,0,0,0,0,0,0,65,0,0,854,110,0,0,0,354,3,0,0,14,0,0,0,267,0,94,11,1,0,0,0,0,6,6,6,0,37,37,0,0,28,9,0,0,0,0,0,0,0,20,20,0,0,1,0,0,0,19,0,0,365,27,0,0,167,29,66,27,0,0,17,22,1,0,1,0,0,0,0,0,0,0,0,0,0,0,0,0,0,26,0,26,0,0,0,10,1,1,8,35,5,30,34,0,0,34,0,0,0,34,0,0,0,0,0,2,0,0,0,0,0,0,2,2,0,0,0,0,74,0,74,36,0,17,11,5,5,0,0,0,61,61,1,0,0,30,15,15,0,9681,11,0,0,9170,5,7699,4,7653,29,0,13,0,1466,46,0,1420,0,27,0,27,27,0,0,0,0,0,0,0,0,0,0,0,0,0,0,0,0,0,405,405,283,122,0,0,0,0,0,0,0,0,0,0,0,0,0,0,0,58,0,0,0,0,0,58,21,0,0,0,0,0,0,37,0,0,0,0,0,0,0,0,0,0,0,10,2,2,0,0,0,8,8,0,0,0,0,0,0,0,0,0,0,0,0,0,0,0,0,0,20,0,20,20,0,0,0,0,0,0,0,0,0,0,0,0,0,0,0,0,0,0,0,0,0,0,0,0,0,0,0,0,0,0,0,0,0,0,0,0,0,0,0,0,0,0,0,0,0,0,0,0,0,0,16,1,16,0,0,0,0,15,0,0,0,0,15,0,0,0,0,0,0,0,0,0,0,0,0,0,0,2,0,0,0,0,0,1,1,0,0,0,0,0,0,0,0,0,0,0,0
8249_CS,MID-63,13467,94,13373,2715,28,28,0,0,0,0,0,0,0,0,0,0,0,0,0,0,1391,1391,102,0,0,0,0,0,0,0,0,0,0,0,0,0,0,0,0,1289,0,1289,0,0,0,0,0,0,0,0,448,0,0,0,0,0,0,0,0,0,0,0,0,23,19,4,0,0,0,0,0,0,0,0,0,0,129,112,0,17,0,0,0,0,0,0,0,0,296,296,0,0,0,0,0,0,0,0,0,0,0,0,0,0,0,0,0,0,0,0,0,0,0,559,0,0,0,0,0,559,0,0,0,0,559,282,1,0,0,0,0,0,0,0,0,0,281,1,280,0,0,0,0,0,0,0,0,0,0,0,0,0,0,0,0,0,0,0,435,76,152,0,0,0,0,0,0,0,0,0,0,0,0,0,0,0,0,0,0,0,0,0,0,0,0,0,0,0,0,0,0,152,7,0,0,0,0,0,0,0,0,0,0,145,104,0,0,0,41,0,0,0,0,0,7,7,7,7,0,0,0,200,0,200,0,0,0,0,0,0,0,0,0,0,0,0,0,0,0,0,0,0,0,0,0,0,0,0,0,0,0,0,0,0,0,0,0,0,0,0,0,0,200,128,0,0,0,0,72,0,0,0,0,0,0,0,0,0,0,0,0,0,94,94,0,0,0,0,0,1258,539,0,0,0,0,0,0,0,0,0,0,0,0,0,0,0,0,0,0,481,481,304,20,18,2,149,4,0,0,0,0,0,0,0,145,8,8,0,0,0,0,0,0,0,0,0,0,0,0,0,0,0,0,0,0,0,0,238,238,0,121,0,121,117,108,0,0,0,9,0,0,0,0,0,0,5807,81,0,0,0,0,0,0,85,8,0,0,0,0,0,0,0,0,0,0,0,0,0,0,0,9,9,0,0,0,0,0,68,66,0,0,0,0,0,0,2,1,1,1,0,0,0,2170,636,0,0,0,1534,672,33,33,0,0,0,0,0,0,0,59,0,0,0,59,0,0,0,0,0,0,0,0,210,73,0,0,0,0,0,0,137,0,0,560,15,0,0,0,57,0,0,0,0,0,0,0,0,44,210,0,76,0,118,40,0,0,0,0,0,0,0,0,0,0,0,0,0,0,0,0,0,0,0,0,0,0,0,0,0,0,0,0,0,815,117,0,0,493,85,123,39,0,0,84,0,103,0,103,0,0,0,0,0,86,85,0,0,0,0,1,0,0,0,0,0,0,0,0,0,0,0,0,96,0,96,114,0,0,114,4,110,0,0,0,0,0,0,0,0,0,0,0,0,0,0,0,0,0,0,0,0,91,0,91,82,0,1,0,8,0,0,0,0,0,0,0,0,0,0,0,0,0,2656,2,0,0,1021,0,271,0,271,0,0,0,0,750,15,86,649,0,0,0,0,0,0,0,0,0,0,0,0,0,0,0,0,0,0,0,0,0,0,1421,1421,753,666,0,0,0,0,0,0,0,0,2,0,0,0,0,0,0,212,0,176,0,0,176,36,0,0,0,0,0,0,0,36,0,0,0,0,0,0,0,0,0,0,0,0,0,0,0,0,0,0,0,0,0,0,0,0,0,0,0,0,0,0,0,0,0,0,0,0,0,0,0,0,0,0,0,0,0,0,0,0,0,0,0,0,0,0,0,0,0,0,0,0,0,0,0,0,0,0,0,0,0,0,0,0,0,0,0,0,0,0,0,0,0,0,0,0,0,0,0,0,0,0,1576,19,1576,0,0,0,0,1557,48,0,48,47,1414,0,0,0,0,0,0,0,0,0,0,0,0,0,0,11,0,11,11,11,11,0,0,0,0,0,0,0,0,0,0,0,0,58,58
8249_ELS,MID-64,13748,132,13616,4605,95,95,0,0,0,0,0,0,0,0,0,0,0,0,0,0,782,782,0,0,0,0,0,0,0,0,0,0,0,0,0,0,0,0,0,782,1,781,31,0,0,0,0,0,0,0,148,23,0,0,0,0,125,16,68,0,0,41,0,0,0,0,0,0,0,0,0,0,0,0,0,0,0,0,0,0,0,0,0,0,0,0,0,0,0,0,0,0,0,0,0,0,0,0,0,0,0,0,0,0,0,0,0,0,0,13,13,0,13,483,0,0,0,0,0,483,0,0,0,0,483,106,0,0,0,0,0,0,0,0,0,0,106,0,106,0,0,0,0,0,0,0,0,0,0,0,0,0,0,0,0,0,0,0,583,1,365,1,364,0,0,0,0,288,288,0,0,0,0,0,0,0,0,0,0,0,0,0,0,0,0,0,0,0,76,0,76,0,0,0,0,0,0,0,0,0,0,0,0,0,0,0,0,0,0,0,0,0,0,0,0,0,0,0,0,0,0,217,0,217,157,0,0,0,0,0,0,0,0,0,0,0,0,0,0,0,0,0,0,0,0,0,0,0,0,0,0,0,0,0,0,0,0,0,8,8,0,0,52,0,0,0,0,0,52,0,0,0,0,0,0,0,0,0,0,0,0,0,0,0,0,0,0,0,0,1160,384,80,80,2,78,78,0,0,0,0,0,0,0,0,0,0,0,0,0,381,381,27,56,15,41,197,145,0,0,0,0,52,0,0,0,36,0,0,0,0,0,0,0,0,0,0,0,36,0,65,0,0,54,0,11,0,0,315,315,0,0,0,0,315,147,0,0,0,168,0,0,0,0,0,0,5716,167,0,0,0,0,0,0,52,48,0,0,0,0,0,0,0,0,0,0,0,0,0,0,0,0,0,0,0,0,0,0,4,4,0,0,0,0,0,0,0,0,0,0,0,0,0,2371,121,0,0,0,1785,226,155,151,4,0,0,0,0,0,0,65,0,0,0,65,0,0,0,0,0,0,0,0,711,3,0,135,68,54,0,0,451,0,0,628,229,36,0,0,0,0,0,0,0,2,0,0,0,27,0,0,0,41,97,0,196,0,0,0,0,134,134,39,95,0,0,0,0,0,0,0,0,0,331,331,0,0,328,3,0,0,0,0,0,504,21,0,0,207,10,100,52,0,0,48,0,0,0,0,0,0,0,0,0,42,42,0,0,0,0,0,0,0,0,0,0,0,0,0,54,0,0,54,1,0,1,0,0,0,0,0,0,0,0,0,75,75,75,0,0,0,0,0,0,0,0,0,0,0,0,0,0,113,0,113,34,0,70,0,9,0,0,0,0,88,88,87,0,0,0,0,0,1,2622,73,0,0,201,0,30,0,30,0,0,0,0,171,8,0,163,0,0,0,0,0,0,0,0,0,0,0,0,0,0,0,0,3,3,3,0,0,0,1730,1730,1107,620,0,0,0,0,0,0,0,0,3,0,0,0,0,0,0,612,0,0,0,0,0,612,17,0,0,12,0,0,0,583,0,0,0,0,0,0,0,0,0,0,0,3,0,0,3,0,3,0,0,0,0,0,0,0,0,0,0,0,0,0,0,0,0,0,0,0,0,0,0,0,0,0,0,0,0,0,0,0,0,0,0,0,0,0,0,0,0,0,0,0,0,0,0,0,0,0,0,0,0,0,0,0,0,0,0,0,0,0,0,0,0,0,0,0,0,0,0,0,0,0,675,14,675,0,0,0,0,661,9,0,29,0,623,0,0,0,0,0,0,0,0,0,0,0,0,0,0,0,0,0,0,0,0,0,0,0,0,0,0,0,0,0,0,0,0,0,0
8249_EMS,MID-65,11048,132,10916,2005,51,51,100,100,100,0,100,0,0,100,0,0,0,0,0,0,1211,1211,0,0,0,0,0,0,0,0,0,0,0,0,0,0,0,0,0,1211,0,1211,8,0,0,0,0,0,0,0,646,110,0,0,0,0,94,8,0,0,0,86,0,0,0,0,0,0,0,0,0,0,0,0,0,0,369,145,0,224,0,0,0,0,0,0,0,0,0,0,0,0,73,73,0,0,0,0,0,0,0,0,0,0,0,0,0,0,0,0,0,0,0,332,0,0,0,0,0,332,0,0,0,0,332,225,0,88,0,0,0,88,0,0,0,0,137,5,132,0,0,0,0,0,0,0,0,0,0,0,0,0,0,0,0,0,0,0,694,19,517,0,375,0,0,0,0,31,31,0,0,0,0,0,0,0,53,0,0,53,0,0,0,70,0,70,0,0,221,1,220,142,0,0,0,0,0,0,0,0,0,0,0,142,22,0,89,0,31,0,0,0,0,0,0,0,0,0,0,0,0,158,0,158,51,74,0,74,0,0,0,0,0,0,0,0,0,0,0,0,0,0,0,0,0,0,0,0,0,0,0,0,0,0,0,0,0,0,0,0,0,0,0,0,0,0,0,0,0,0,0,0,0,33,14,0,0,19,19,0,0,0,0,0,30,30,30,30,30,483,93,2,2,1,0,0,0,0,0,0,1,0,0,0,0,0,0,1,0,120,120,12,0,0,0,11,2,0,0,0,0,9,0,0,0,0,0,0,0,0,0,0,0,0,0,0,0,0,0,97,0,0,62,0,0,0,35,268,268,0,0,0,0,268,95,0,0,0,53,90,30,0,0,0,0,5888,140,0,0,0,0,0,0,63,4,0,0,0,0,0,0,0,0,31,0,31,31,0,0,0,0,0,0,0,0,0,0,28,0,28,3,25,25,0,0,0,0,0,0,0,0,0,1826,312,0,0,0,1435,479,171,169,2,0,0,0,0,0,0,34,0,0,0,34,0,0,0,0,0,0,0,0,328,21,0,47,112,58,16,0,74,0,0,423,124,0,0,0,33,0,0,0,0,78,0,0,0,0,32,0,1,0,101,0,54,0,0,0,0,0,0,0,0,0,0,0,0,0,0,0,0,0,79,79,48,0,31,0,0,0,0,0,0,646,0,0,0,391,81,184,26,0,0,158,0,0,0,0,0,0,0,0,0,86,86,0,0,0,0,0,0,0,0,0,0,0,0,0,40,0,0,40,0,0,0,46,0,0,46,0,0,0,46,0,0,0,0,0,121,0,13,0,0,0,13,108,83,0,25,0,0,1,0,1,0,0,1,0,0,0,0,0,0,87,87,87,0,0,0,0,0,0,3213,7,0,0,1536,2,616,23,583,10,0,0,0,918,18,0,900,0,0,0,0,0,0,0,0,0,0,0,0,0,0,0,0,0,0,0,0,0,0,1557,1557,1055,496,0,0,0,0,0,0,0,0,6,0,3,3,0,0,3,96,0,96,0,0,96,0,0,0,0,0,0,0,0,0,0,0,0,0,0,0,14,14,14,0,0,0,0,0,0,0,0,0,0,0,0,0,0,0,0,0,0,0,0,0,0,0,0,0,0,0,0,0,0,0,0,0,0,0,0,0,0,0,0,0,0,0,0,0,0,0,0,0,0,0,0,0,0,0,0,0,0,0,0,0,0,0,0,0,0,0,0,0,0,0,0,0,0,0,0,0,0,0,0,0,454,0,454,0,0,0,0,454,4,0,22,0,428,0,0,0,0,0,0,0,0,0,0,0,0,0,0,0,0,0,0,0,0,0,0,0,0,0,0,0,0,0,0,0,0,0,0
8249_EUS,MID-66,10721,4890,5831,1188,50,50,67,67,67,0,38,0,0,38,0,29,0,0,29,0,755,755,8,0,0,0,0,0,0,0,0,0,0,0,0,0,0,0,0,656,0,656,20,26,0,26,0,0,26,0,145,52,0,0,0,0,12,0,0,12,0,0,0,0,0,0,0,0,0,0,0,0,0,0,0,0,81,64,0,17,0,0,0,0,0,0,0,0,0,0,0,0,0,0,0,0,0,0,0,0,0,0,0,0,0,0,0,0,0,202,202,0,202,188,2,22,8,14,0,164,0,5,0,0,159,75,0,0,0,0,0,0,0,0,0,0,75,0,75,0,0,0,0,0,0,0,0,0,0,91,91,91,91,0,91,0,0,0,909,15,433,0,309,0,0,0,0,266,266,0,0,0,0,0,0,0,0,0,0,0,0,0,0,0,0,0,0,0,43,0,43,124,2,42,0,0,42,0,4,0,4,0,0,76,5,0,40,0,0,0,31,0,0,0,0,0,0,0,0,0,0,461,0,461,0,0,0,0,0,0,0,0,0,0,0,0,0,0,0,0,0,0,0,9,9,0,0,0,0,0,0,0,0,0,0,0,0,0,0,0,0,0,452,0,0,0,0,0,452,0,0,0,0,0,0,0,0,0,0,0,0,0,0,0,0,0,0,0,0,306,75,61,61,2,44,0,44,0,0,0,15,15,0,0,0,0,0,0,0,62,62,12,4,2,2,12,1,0,0,0,0,0,0,0,11,34,18,16,0,0,0,0,0,0,0,0,0,0,0,0,0,0,0,0,0,0,0,108,108,0,0,0,0,108,25,0,0,0,23,15,45,0,0,0,0,2306,22,0,0,0,0,0,0,25,2,0,0,0,0,0,0,0,0,5,0,5,5,0,0,0,0,0,0,0,0,0,0,18,6,0,0,0,0,0,0,12,0,12,12,0,0,0,936,147,0,0,0,591,169,17,1,11,0,0,5,0,0,0,119,0,6,0,113,0,0,0,0,0,0,0,0,107,7,0,9,35,30,0,0,26,0,0,179,2,0,0,0,0,16,0,0,0,0,0,0,30,29,17,0,16,0,48,0,21,0,0,0,0,5,5,1,4,0,0,193,193,0,0,56,0,137,0,0,0,0,0,0,0,0,0,0,0,560,23,0,0,221,31,14,3,0,0,11,0,23,0,23,0,0,0,0,0,29,29,0,0,0,0,0,31,31,0,0,0,0,0,0,59,0,59,0,34,0,34,94,0,0,94,57,0,0,23,14,0,0,0,0,94,0,25,0,25,0,0,69,5,0,0,64,0,77,11,66,45,0,0,0,21,0,0,0,0,51,51,3,0,0,48,0,0,0,763,1,0,0,372,2,109,10,74,11,0,0,14,261,7,0,254,0,0,0,0,0,0,0,0,0,0,0,0,0,0,0,0,0,0,0,0,0,0,372,372,185,186,0,0,0,0,0,0,0,0,1,0,2,2,2,0,0,16,0,16,0,0,16,0,0,0,0,0,0,0,0,0,0,0,0,0,0,0,0,0,0,0,0,0,0,0,0,0,0,0,0,0,0,0,0,0,0,0,0,0,0,0,0,0,0,0,0,0,32,0,7,7,0,0,0,0,0,0,25,25,25,5,20,0,0,0,0,0,0,0,0,0,0,0,0,0,0,0,0,0,0,0,0,0,0,0,0,0,0,0,0,0,0,0,0,0,15,15,15,15,14,1,177,5,177,0,0,0,0,172,0,0,0,0,172,0,0,0,0,0,5,5,21,21,0,0,0,0,0,0,0,0,0,0,0,0,0,0,0,0,0,0,0,0,0,0,0,0,0
